sample_id,polarity,intensity,raw_intensity,primary_modality,strongest_modality,support_modality,modality_effect_text,modality_effect_audio,modality_effect_vision,class_contrib_text,class_contrib_audio,class_contrib_vision,intensity_contrib_text,intensity_contrib_audio,intensity_contrib_vision,class_abs_share_text,class_abs_share_audio,class_abs_share_vision,intensity_abs_share_text,intensity_abs_share_audio,intensity_abs_share_vision,key_evidence_text_json,key_evidence_audio_json,key_evidence_vision_json,counter_evidence_text_json,counter_evidence_audio_json,counter_evidence_vision_json,no_evidence_reason
01,Neutral,0.0,-0.006876435596495867,text,text,text,0.5619041919708252,0.2389870136976242,0.19910874962806702,0.3991469442844391,-0.04345400631427765,0.17368225753307343,-0.14694124460220337,0.12574714422225952,0.035920657217502594,0.6476680040359497,0.07050979882478714,0.281822144985199,0.47614043951034546,0.40746423602104187,0.11639534682035446,"[{""window_index"":1,""positions"":[11,12,13,14,15,16,17,18,19,20],""class_delta"":0.19801217317581177,""abs_class_delta"":0.19801217317581177,""raw_delta"":0.29110169410705566,""abs_raw_delta"":0.29110169410705566,""evidence_direction"":""support"",""evidence_rank_score"":1.0,""control_beat_rate"":0.5,""evidence_level"":""medium"",""mapping_status"":""exact"",""mapping_precision"":""exact_character_offsets_from_official_tokenizer"",""text_char_start"":66,""text_char_end"":116,""text_snippet"":""essential to ensuring the new belt performs to its"",""token_positions"":[11,12,13,14,15,16,17,18,19,20],""warning"":""""},{""window_index"":0,""positions"":[1,2,3,4,5,6,7,8,9,10],""class_delta"":0.09722274541854858,""abs_class_delta"":0.09722274541854858,""raw_delta"":-0.2565300762653351,""abs_raw_delta"":0.2565300762653351,""evidence_direction"":""support"",""evidence_rank_score"":0.25,""control_beat_rate"":0.0,""evidence_level"":""low"",""mapping_status"":""exact"",""mapping_precision"":""exact_character_offsets_from_official_tokenizer"",""text_char_start"":0,""text_char_end"":65,""text_snippet"":""Replacing these wear components when replacing the timing belt is"",""token_positions"":[1,2,3,4,5,6,7,8,9,10],""warning"":""""}]","[{""window_index"":1,""positions"":[11,12,13,14,15,16,17,18,19,20],""class_delta"":0.0008193254470825195,""abs_class_delta"":0.0008193254470825195,""raw_delta"":-0.03246157988905907,""abs_raw_delta"":0.03246157988905907,""evidence_direction"":""support"",""evidence_rank_score"":0.5,""control_beat_rate"":0.0,""evidence_level"":""medium"",""mapping_status"":""approximate"",""mapping_precision"":""approximate_proportional_token_position_to_measured_video_time"",""time_start_seconds"":4.335766423357664,""time_end_seconds"":7.9489051094890515,""token_positions"":[11,12,13,14,15,16,17,18,19,20],""warning"":""No original token-level timestamps were provided; audio times are proportional estimates.""}]","[{""window_index"":1,""positions"":[11,12,13,14,15,16,17,18,19,20],""class_delta"":0.00906747579574585,""abs_class_delta"":0.00906747579574585,""raw_delta"":0.019709087908267975,""abs_raw_delta"":0.019709087908267975,""evidence_direction"":""support"",""evidence_rank_score"":1.0,""control_beat_rate"":0.5,""evidence_level"":""medium"",""mapping_status"":""approximate"",""mapping_precision"":""approximate_proportional_token_position_to_measured_video_time_and_frame"",""time_start_seconds"":4.335766423357664,""time_end_seconds"":7.9489051094890515,""frame_start_est"":139,""frame_end_est"":235,""token_positions"":[11,12,13,14,15,16,17,18,19,20],""warning"":""No original token-level timestamps were provided; visual frames are proportional estimates.""},{""window_index"":0,""positions"":[1,2,3,4,5,6,7,8,9,10],""class_delta"":0.007606804370880127,""abs_class_delta"":0.007606804370880127,""raw_delta"":-0.0006247926503419876,""abs_raw_delta"":0.0006247926503419876,""evidence_direction"":""support"",""evidence_rank_score"":0.5,""control_beat_rate"":0.5,""evidence_level"":""medium"",""mapping_status"":""approximate"",""mapping_precision"":""approximate_proportional_token_position_to_measured_video_time_and_frame"",""time_start_seconds"":0.0,""time_end_seconds"":4.27007299270073,""frame_start_est"":9,""frame_end_est"":126,""token_positions"":[1,2,3,4,5,6,7,8,9,10],""warning"":""No original token-level timestamps were provided; visual frames are proportional estimates.""}]",[],"[{""window_index"":0,""positions"":[1,2,3,4,5,6,7,8,9,10],""class_delta"":-0.07973581552505493,""abs_class_delta"":0.07973581552505493,""raw_delta"":0.10021647810935974,""abs_raw_delta"":0.10021647810935974,""evidence_direction"":""counter"",""evidence_rank_score"":0.5,""control_beat_rate"":1.0,""evidence_level"":""counter"",""mapping_status"":""approximate"",""mapping_precision"":""approximate_proportional_token_position_to_measured_video_time"",""time_start_seconds"":0.0,""time_end_seconds"":4.27007299270073,""token_positions"":[1,2,3,4,5,6,7,8,9,10],""warning"":""No original token-level timestamps were provided; audio times are proportional estimates.""}]","[{""window_index"":2,""positions"":[21,22],""class_delta"":-0.007910072803497314,""abs_class_delta"":0.007910072803497314,""raw_delta"":-0.009282798506319523,""abs_raw_delta"":0.009282798506319523,""evidence_direction"":""counter"",""evidence_rank_score"":0.0,""control_beat_rate"":1.0,""evidence_level"":""counter"",""mapping_status"":""approximate"",""mapping_precision"":""approximate_proportional_token_position_to_measured_video_time_and_frame"",""time_start_seconds"":7.948905109489051,""time_end_seconds"":9.0,""frame_start_est"":241,""frame_end_est"":258,""token_positions"":[21,22],""warning"":""No original token-level timestamps were provided; visual frames are proportional estimates.""}]",
02,Positive,0.0983598604798317,0.0983598604798317,audio,audio,text,0.3641601800918579,0.4632795453071594,0.17256027460098267,1.2017853260040283,-1.6912193298339844,0.6981432437896729,0.5320314168930054,-0.6157546043395996,0.203685462474823,0.3346521258354187,0.4709411561489105,0.19440670311450958,0.3936682641506195,0.4556179344654083,0.15071384608745575,"[{""window_index"":0,""positions"":[1,2,3,4,5,6,7,8,9,10],""class_delta"":1.8808763027191162,""abs_class_delta"":1.8808763027191162,""raw_delta"":0.7913210988044739,""abs_raw_delta"":0.7913210988044739,""evidence_direction"":""support"",""evidence_rank_score"":1.0,""control_beat_rate"":0.5,""evidence_level"":""medium"",""mapping_status"":""exact"",""mapping_precision"":""exact_character_offsets_from_official_tokenizer"",""text_char_start"":0,""text_char_end"":41,""text_snippet"":""We want to live by each other’s happiness"",""token_positions"":[1,2,3,4,5,6,7,8,9,10],""warning"":""""}]",[],[],"[{""window_index"":1,""positions"":[11,12,13,14,15,16,17,18,19],""class_delta"":-0.06832385063171387,""abs_class_delta"":0.06832385063171387,""raw_delta"":-0.2552296221256256,""abs_raw_delta"":0.2552296221256256,""evidence_direction"":""counter"",""evidence_rank_score"":0.0,""control_beat_rate"":0.0,""evidence_level"":""counter"",""mapping_status"":""exact"",""mapping_precision"":""exact_character_offsets_from_official_tokenizer"",""text_char_start"":42,""text_char_end"":71,""text_snippet"":""- not by each other’s misery."",""token_positions"":[11,12,13,14,15,16,17,18,19],""warning"":""""}]","[{""window_index"":0,""positions"":[1,2,3,4,5,6,7,8,9,10],""class_delta"":-0.25979048013687134,""abs_class_delta"":0.25979048013687134,""raw_delta"":-0.2025848925113678,""abs_raw_delta"":0.2025848925113678,""evidence_direction"":""counter"",""evidence_rank_score"":0.0,""control_beat_rate"":0.0,""evidence_level"":""counter"",""mapping_status"":""approximate"",""mapping_precision"":""approximate_proportional_token_position_to_measured_video_time"",""time_start_seconds"":6.938893903907228e-18,""time_end_seconds"":2.136619718309859,""token_positions"":[1,2,3,4,5,6,7,8,9,10],""warning"":""No original token-level timestamps were provided; audio times are proportional estimates.""}]","[{""window_index"":1,""positions"":[11,12,13,14,15,16,17,18,19],""class_delta"":-0.06550967693328857,""abs_class_delta"":0.06550967693328857,""raw_delta"":-0.05027572065591812,""abs_raw_delta"":0.05027572065591812,""evidence_direction"":""counter"",""evidence_rank_score"":0.0,""control_beat_rate"":1.0,""evidence_level"":""counter"",""mapping_status"":""approximate"",""mapping_precision"":""approximate_proportional_token_position_to_measured_video_time_and_frame"",""time_start_seconds"":2.188732394366197,""time_end_seconds"":3.7,""frame_start_est"":66,""frame_end_est"":110,""token_positions"":[11,12,13,14,15,16,17,18,19],""warning"":""No original token-level timestamps were provided; visual frames are proportional estimates.""}]",
03,Neutral,0.0,0.023412810638546944,audio,text,text,0.3347421884536743,0.44495949149131775,0.22029834985733032,0.643974244594574,-0.36897554993629456,0.3401052951812744,-0.037161629647016525,0.11851049214601517,-0.036334507167339325,0.47594088315963745,0.2726981043815613,0.25136101245880127,0.19354347884655,0.6172208786010742,0.18923570215702057,"[{""window_index"":3,""positions"":[31,32,33],""class_delta"":0.0802922248840332,""abs_class_delta"":0.0802922248840332,""raw_delta"":0.044129159301519394,""abs_raw_delta"":0.044129159301519394,""evidence_direction"":""support"",""evidence_rank_score"":0.8333333333333333,""control_beat_rate"":0.5,""evidence_level"":""medium"",""mapping_status"":""unavailable"",""mapping_precision"":""none"",""text_char_start"":null,""text_char_end"":null,""text_snippet"":"""",""token_positions"":[31,32,33],""warning"":""no non-empty token offset in this window""},{""window_index"":2,""positions"":[21,22,23,24,25,26,27,28,29,30],""class_delta"":0.1401541829109192,""abs_class_delta"":0.1401541829109192,""raw_delta"":-0.09859547764062881,""abs_raw_delta"":0.09859547764062881,""evidence_direction"":""support"",""evidence_rank_score"":0.6666666666666666,""control_beat_rate"":0.5,""evidence_level"":""medium"",""mapping_status"":""unavailable"",""mapping_precision"":""none"",""text_char_start"":null,""text_char_end"":null,""text_snippet"":"""",""token_positions"":[21,22,23,24,25,26,27,28,29,30],""warning"":""no non-empty token offset in this window""}]","[{""window_index"":2,""positions"":[21,22,23,24,25,26,27,28,29,30],""class_delta"":0.009329140186309814,""abs_class_delta"":0.009329140186309814,""raw_delta"":-0.032527364790439606,""abs_raw_delta"":0.032527364790439606,""evidence_direction"":""support"",""evidence_rank_score"":0.5,""control_beat_rate"":0.0,""evidence_level"":""medium"",""mapping_status"":""approximate"",""mapping_precision"":""approximate_proportional_token_position_to_measured_video_time"",""time_start_seconds"":8.27972027972028,""time_end_seconds"":14.433566433566433,""token_positions"":[21,22,23,24,25,26,27,28,29,30],""warning"":""No original token-level timestamps were provided; audio times are proportional estimates.""}]","[{""window_index"":0,""positions"":[1,2,3,4,5,6,7,8,9,10],""class_delta"":0.013438135385513306,""abs_class_delta"":0.013438135385513306,""raw_delta"":0.03301365301012993,""abs_raw_delta"":0.03301365301012993,""evidence_direction"":""support"",""evidence_rank_score"":1.0,""control_beat_rate"":0.0,""evidence_level"":""medium"",""mapping_status"":""approximate"",""mapping_precision"":""approximate_proportional_token_position_to_measured_video_time_and_frame"",""time_start_seconds"":0.0,""time_end_seconds"":4.251748251748252,""frame_start_est"":8,""frame_end_est"":119,""token_positions"":[1,2,3,4,5,6,7,8,9,10],""warning"":""No original token-level timestamps were provided; visual frames are proportional estimates.""},{""window_index"":3,""positions"":[31,32,33],""class_delta"":0.0019345879554748535,""abs_class_delta"":0.0019345879554748535,""raw_delta"":0.0015496257692575455,""abs_raw_delta"":0.0015496257692575455,""evidence_direction"":""support"",""evidence_rank_score"":0.6666666666666666,""control_beat_rate"":1.0,""evidence_level"":""medium"",""mapping_status"":""approximate"",""mapping_precision"":""approximate_proportional_token_position_to_measured_video_time_and_frame"",""time_start_seconds"":14.545454545454547,""time_end_seconds"":16.0,""frame_start_est"":443,""frame_end_est"":478,""token_positions"":[31,32,33],""warning"":""No original token-level timestamps were provided; visual frames are proportional estimates.""}]",[],"[{""window_index"":1,""positions"":[11,12,13,14,15,16,17,18,19,20],""class_delta"":-0.04174390435218811,""abs_class_delta"":0.04174390435218811,""raw_delta"":0.006552422419190407,""abs_raw_delta"":0.006552422419190407,""evidence_direction"":""counter"",""evidence_rank_score"":0.3333333333333333,""control_beat_rate"":1.0,""evidence_level"":""counter"",""mapping_status"":""approximate"",""mapping_precision"":""approximate_proportional_token_position_to_measured_video_time"",""time_start_seconds"":4.363636363636363,""time_end_seconds"":8.167832167832168,""token_positions"":[11,12,13,14,15,16,17,18,19,20],""warning"":""No original token-level timestamps were provided; audio times are proportional estimates.""}]","[{""window_index"":1,""positions"":[11,12,13,14,15,16,17,18,19,20],""class_delta"":-0.03093859553337097,""abs_class_delta"":0.03093859553337097,""raw_delta"":-0.02125871740281582,""abs_raw_delta"":0.02125871740281582,""evidence_direction"":""counter"",""evidence_rank_score"":0.0,""control_beat_rate"":0.5,""evidence_level"":""counter"",""mapping_status"":""approximate"",""mapping_precision"":""approximate_proportional_token_position_to_measured_video_time_and_frame"",""time_start_seconds"":4.363636363636363,""time_end_seconds"":8.167832167832168,""frame_start_est"":133,""frame_end_est"":243,""token_positions"":[11,12,13,14,15,16,17,18,19,20],""warning"":""No original token-level timestamps were provided; visual frames are proportional estimates.""}]",
04,Positive,0.7693310976028442,0.7693310976028442,audio,audio,audio,0.0683431327342987,0.7394342422485352,0.19222262501716614,-0.053991224616765976,0.5559080243110657,0.18214194476604462,-0.06279999762773514,0.7121471166610718,0.141586035490036,0.06816719472408295,0.7018675804138184,0.2299652397632599,0.06851907074451447,0.7770009636878967,0.1544799953699112,"[{""window_index"":1,""positions"":[11,12,13,14,15,16,17,18,19,20],""class_delta"":0.4243582487106323,""abs_class_delta"":0.4243582487106323,""raw_delta"":0.2622388005256653,""abs_raw_delta"":0.2622388005256653,""evidence_direction"":""support"",""evidence_rank_score"":1.0,""control_beat_rate"":0.5,""evidence_level"":""medium"",""mapping_status"":""exact"",""mapping_precision"":""exact_character_offsets_from_official_tokenizer"",""text_char_start"":42,""text_char_end"":80,""text_snippet"":""I kiss my chances of cheering \""GO BLUE"",""token_positions"":[11,12,13,14,15,16,17,18,19,20],""warning"":""""}]","[{""window_index"":1,""positions"":[11,12,13,14,15,16,17,18,19,20],""class_delta"":0.08237522840499878,""abs_class_delta"":0.08237522840499878,""raw_delta"":0.11523228883743286,""abs_raw_delta"":0.11523228883743286,""evidence_direction"":""support"",""evidence_rank_score"":1.0,""control_beat_rate"":1.0,""evidence_level"":""high"",""mapping_status"":""approximate"",""mapping_precision"":""approximate_proportional_token_position_to_measured_video_time"",""time_start_seconds"":3.6504672897196264,""time_end_seconds"":7.040186915887852,""token_positions"":[11,12,13,14,15,16,17,18,19,20],""warning"":""No original token-level timestamps were provided; audio times are proportional estimates.""},{""window_index"":2,""positions"":[21,22,23,24,25,26],""class_delta"":0.007376283407211304,""abs_class_delta"":0.007376283407211304,""raw_delta"":0.014861106872558594,""abs_raw_delta"":0.014861106872558594,""evidence_direction"":""support"",""evidence_rank_score"":0.5,""control_beat_rate"":0.5,""evidence_level"":""medium"",""mapping_status"":""approximate"",""mapping_precision"":""approximate_proportional_token_position_to_measured_video_time"",""time_start_seconds"":7.127102803738318,""time_end_seconds"":9.3,""token_positions"":[21,22,23,24,25,26],""warning"":""No original token-level timestamps were provided; audio times are proportional estimates.""}]","[{""window_index"":2,""positions"":[21,22,23,24,25,26],""class_delta"":0.057213008403778076,""abs_class_delta"":0.057213008403778076,""raw_delta"":0.05954575538635254,""abs_raw_delta"":0.05954575538635254,""evidence_direction"":""support"",""evidence_rank_score"":1.0,""control_beat_rate"":1.0,""evidence_level"":""high"",""mapping_status"":""approximate"",""mapping_precision"":""approximate_proportional_token_position_to_measured_video_time_and_frame"",""time_start_seconds"":7.127102803738318,""time_end_seconds"":9.3,""frame_start_est"":223,""frame_end_est"":278,""token_positions"":[21,22,23,24,25,26],""warning"":""No original token-level timestamps were provided; visual frames are proportional estimates.""},{""window_index"":1,""positions"":[11,12,13,14,15,16,17,18,19,20],""class_delta"":0.05051422119140625,""abs_class_delta"":0.05051422119140625,""raw_delta"":0.043155133724212646,""abs_raw_delta"":0.043155133724212646,""evidence_direction"":""support"",""evidence_rank_score"":0.5,""control_beat_rate"":0.5,""evidence_level"":""medium"",""mapping_status"":""approximate"",""mapping_precision"":""approximate_proportional_token_position_to_measured_video_time_and_frame"",""time_start_seconds"":3.6504672897196264,""time_end_seconds"":7.040186915887852,""frame_start_est"":111,""frame_end_est"":210,""token_positions"":[11,12,13,14,15,16,17,18,19,20],""warning"":""No original token-level timestamps were provided; visual frames are proportional estimates.""}]","[{""window_index"":2,""positions"":[21,22,23,24,25,26],""class_delta"":-0.06769329309463501,""abs_class_delta"":0.06769329309463501,""raw_delta"":-0.1283155083656311,""abs_raw_delta"":0.1283155083656311,""evidence_direction"":""counter"",""evidence_rank_score"":0.0,""control_beat_rate"":0.5,""evidence_level"":""counter"",""mapping_status"":""unavailable"",""mapping_precision"":""none"",""text_char_start"":null,""text_char_end"":null,""text_snippet"":"""",""token_positions"":[21,22,23,24,25,26],""warning"":""no non-empty token offset in this window""}]","[{""window_index"":0,""positions"":[1,2,3,4,5,6,7,8,9,10],""class_delta"":-0.012304812669754028,""abs_class_delta"":0.012304812669754028,""raw_delta"":-0.028370559215545654,""abs_raw_delta"":0.028370559215545654,""evidence_direction"":""counter"",""evidence_rank_score"":0.0,""control_beat_rate"":0.5,""evidence_level"":""counter"",""mapping_status"":""approximate"",""mapping_precision"":""approximate_proportional_token_position_to_measured_video_time"",""time_start_seconds"":0.0,""time_end_seconds"":3.5635514018691588,""token_positions"":[1,2,3,4,5,6,7,8,9,10],""warning"":""No original token-level timestamps were provided; audio times are proportional estimates.""}]",[],
05,Positive,0.8060683608055115,0.8060683608055115,text,text,text,0.5703914165496826,0.13241776823997498,0.29719075560569763,0.46832743287086487,-0.10322407633066177,0.26980486512184143,0.6755348443984985,-0.1643858104944229,0.31652188301086426,0.5566338300704956,0.1226876974105835,0.3206784427165985,0.5841490626335144,0.14214783906936646,0.27370306849479675,"[{""window_index"":0,""positions"":[1,2,3,4,5,6,7,8,9,10],""class_delta"":0.26769906282424927,""abs_class_delta"":0.26769906282424927,""raw_delta"":0.34325742721557617,""abs_raw_delta"":0.34325742721557617,""evidence_direction"":""support"",""evidence_rank_score"":1.0,""control_beat_rate"":0.5,""evidence_level"":""medium"",""mapping_status"":""exact"",""mapping_precision"":""exact_character_offsets_from_official_tokenizer"",""text_char_start"":0,""text_char_end"":36,""text_snippet"":""Hi, my name is Chloe, video marketer"",""token_positions"":[1,2,3,4,5,6,7,8,9,10],""warning"":""""}]",[],"[{""window_index"":0,""positions"":[1,2,3,4,5,6,7,8,9,10],""class_delta"":0.19426429271697998,""abs_class_delta"":0.19426429271697998,""raw_delta"":0.14338171482086182,""abs_raw_delta"":0.14338171482086182,""evidence_direction"":""support"",""evidence_rank_score"":1.0,""control_beat_rate"":1.0,""evidence_level"":""high"",""mapping_status"":""approximate"",""mapping_precision"":""approximate_proportional_token_position_to_measured_video_time_and_frame"",""time_start_seconds"":1.3877787807814457e-17,""time_end_seconds"":3.639540983606557,""frame_start_est"":3,""frame_end_est"":106,""token_positions"":[1,2,3,4,5,6,7,8,9,10],""warning"":""No original token-level timestamps were provided; visual frames are proportional estimates.""}]","[{""window_index"":1,""positions"":[11,12,13,14,15],""class_delta"":-0.027827143669128418,""abs_class_delta"":0.027827143669128418,""raw_delta"":0.05559772253036499,""abs_raw_delta"":0.05559772253036499,""evidence_direction"":""counter"",""evidence_rank_score"":0.0,""control_beat_rate"":0.5,""evidence_level"":""counter"",""mapping_status"":""exact"",""mapping_precision"":""exact_character_offsets_from_official_tokenizer"",""text_char_start"":37,""text_char_end"":61,""text_snippet"":""for Red Wagon Marketing."",""token_positions"":[11,12,13,14,15],""warning"":""""}]","[{""window_index"":1,""positions"":[11,12,13,14,15],""class_delta"":-0.04766252636909485,""abs_class_delta"":0.04766252636909485,""raw_delta"":-0.08622622489929199,""abs_raw_delta"":0.08622622489929199,""evidence_direction"":""counter"",""evidence_rank_score"":0.5,""control_beat_rate"":1.0,""evidence_level"":""counter"",""mapping_status"":""approximate"",""mapping_precision"":""approximate_proportional_token_position_to_measured_video_time"",""time_start_seconds"":3.7406393442622954,""time_end_seconds"":6.167,""token_positions"":[11,12,13,14,15],""warning"":""No original token-level timestamps were provided; audio times are proportional estimates.""}]","[{""window_index"":1,""positions"":[11,12,13,14,15],""class_delta"":-0.03326505422592163,""abs_class_delta"":0.03326505422592163,""raw_delta"":-0.09399229288101196,""abs_raw_delta"":0.09399229288101196,""evidence_direction"":""counter"",""evidence_rank_score"":0.0,""control_beat_rate"":0.5,""evidence_level"":""counter"",""mapping_status"":""approximate"",""mapping_precision"":""approximate_proportional_token_position_to_measured_video_time_and_frame"",""time_start_seconds"":3.7406393442622954,""time_end_seconds"":6.167,""frame_start_est"":117,""frame_end_est"":183,""token_positions"":[11,12,13,14,15],""warning"":""No original token-level timestamps were provided; visual frames are proportional estimates.""}]",
06,Positive,0.6422871947288513,0.6422871947288513,vision,audio,vision,0.25362059473991394,0.34490883350372314,0.4014706015586853,0.46258190274238586,-1.1114659309387207,0.9944990873336792,0.44706854224205017,-0.35133975744247437,0.5681620836257935,0.18009479343891144,0.43272170424461365,0.3871835470199585,0.32714638113975525,0.25709599256515503,0.4157576560974121,"[{""window_index"":2,""positions"":[21,22,23,24,25,26,27,28,29,30],""class_delta"":1.0149524211883545,""abs_class_delta"":1.0149524211883545,""raw_delta"":0.554821252822876,""abs_raw_delta"":0.554821252822876,""evidence_direction"":""support"",""evidence_rank_score"":1.0,""control_beat_rate"":0.5,""evidence_level"":""medium"",""mapping_status"":""unavailable"",""mapping_precision"":""none"",""text_char_start"":null,""text_char_end"":null,""text_snippet"":"""",""token_positions"":[21,22,23,24,25,26,27,28,29,30],""warning"":""no non-empty token offset in this window""},{""window_index"":1,""positions"":[11,12,13,14,15,16,17,18,19,20],""class_delta"":0.01958543062210083,""abs_class_delta"":0.01958543062210083,""raw_delta"":-0.07194250822067261,""abs_raw_delta"":0.07194250822067261,""evidence_direction"":""support"",""evidence_rank_score"":0.5,""control_beat_rate"":0.0,""evidence_level"":""medium"",""mapping_status"":""exact"",""mapping_precision"":""exact_character_offsets_from_official_tokenizer"",""text_char_start"":35,""text_char_end"":74,""text_snippet"":""sense, just like to watch people dance,"",""token_positions"":[11,12,13,14,15,16,17,18,19,20],""warning"":""""}]",[],[],"[{""window_index"":3,""positions"":[31,32,33,34,35],""class_delta"":-0.25272780656814575,""abs_class_delta"":0.25272780656814575,""raw_delta"":-0.26480555534362793,""abs_raw_delta"":0.26480555534362793,""evidence_direction"":""counter"",""evidence_rank_score"":0.0,""control_beat_rate"":1.0,""evidence_level"":""counter"",""mapping_status"":""unavailable"",""mapping_precision"":""none"",""text_char_start"":null,""text_char_end"":null,""text_snippet"":"""",""token_positions"":[31,32,33,34,35],""warning"":""no non-empty token offset in this window""}]","[{""window_index"":2,""positions"":[21,22,23,24,25,26,27,28,29,30],""class_delta"":-0.1060364842414856,""abs_class_delta"":0.1060364842414856,""raw_delta"":-0.07522767782211304,""abs_raw_delta"":0.07522767782211304,""evidence_direction"":""counter"",""evidence_rank_score"":0.0,""control_beat_rate"":1.0,""evidence_level"":""counter"",""mapping_status"":""approximate"",""mapping_precision"":""approximate_proportional_token_position_to_measured_video_time"",""time_start_seconds"":4.808695652173913,""time_end_seconds"":8.156521739130437,""token_positions"":[21,22,23,24,25,26,27,28,29,30],""warning"":""No original token-level timestamps were provided; audio times are proportional estimates.""}]","[{""window_index"":1,""positions"":[11,12,13,14,15,16,17,18,19,20],""class_delta"":-0.07654815912246704,""abs_class_delta"":0.07654815912246704,""raw_delta"":-0.05390697717666626,""abs_raw_delta"":0.05390697717666626,""evidence_direction"":""counter"",""evidence_rank_score"":0.16666666666666666,""control_beat_rate"":1.0,""evidence_level"":""counter"",""mapping_status"":""approximate"",""mapping_precision"":""approximate_proportional_token_position_to_measured_video_time_and_frame"",""time_start_seconds"":2.1304347826086953,""time_end_seconds"":4.747826086956522,""frame_start_est"":68,""frame_end_est"":140,""token_positions"":[11,12,13,14,15,16,17,18,19,20],""warning"":""No original token-level timestamps were provided; visual frames are proportional estimates.""}]",
07,Positive,0.8549376726150513,0.8549376726150513,text,vision,vision,0.40261542797088623,0.22269275784492493,0.37469178438186646,0.533088207244873,-0.32610878348350525,0.5905858278274536,0.6859432458877563,-0.345613032579422,0.536210834980011,0.36770209670066833,0.22493629157543182,0.40736156702041626,0.4375287890434265,0.22044920921325684,0.34202200174331665,"[{""window_index"":2,""positions"":[21,22,23,24,25,26,27,28,29,30],""class_delta"":0.6675571203231812,""abs_class_delta"":0.6675571203231812,""raw_delta"":0.5177456736564636,""abs_raw_delta"":0.5177456736564636,""evidence_direction"":""support"",""evidence_rank_score"":1.0,""control_beat_rate"":1.0,""evidence_level"":""high"",""mapping_status"":""unavailable"",""mapping_precision"":""none"",""text_char_start"":null,""text_char_end"":null,""text_snippet"":"""",""token_positions"":[21,22,23,24,25,26,27,28,29,30],""warning"":""no non-empty token offset in this window""},{""window_index"":4,""positions"":[41,42,43,44,45,46,47,48],""class_delta"":0.0747193992137909,""abs_class_delta"":0.0747193992137909,""raw_delta"":0.08352303504943848,""abs_raw_delta"":0.08352303504943848,""evidence_direction"":""support"",""evidence_rank_score"":0.75,""control_beat_rate"":1.0,""evidence_level"":""medium"",""mapping_status"":""unavailable"",""mapping_precision"":""none"",""text_char_start"":null,""text_char_end"":null,""text_snippet"":"""",""token_positions"":[41,42,43,44,45,46,47,48],""warning"":""no non-empty token offset in this window""}]",[],"[{""window_index"":4,""positions"":[41,42,43,44,45,46,47,48],""class_delta"":0.015255272388458252,""abs_class_delta"":0.015255272388458252,""raw_delta"":0.008629679679870605,""abs_raw_delta"":0.008629679679870605,""evidence_direction"":""support"",""evidence_rank_score"":0.875,""control_beat_rate"":1.0,""evidence_level"":""high"",""mapping_status"":""approximate"",""mapping_precision"":""approximate_proportional_token_position_to_measured_video_time_and_frame"",""time_start_seconds"":14.407266666666668,""time_end_seconds"":17.69826666666667,""frame_start_est"":436,""frame_end_est"":523,""token_positions"":[41,42,43,44,45,46,47,48],""warning"":""No original token-level timestamps were provided; visual frames are proportional estimates.""},{""window_index"":2,""positions"":[21,22,23,24,25,26,27,28,29,30],""class_delta"":0.014447987079620361,""abs_class_delta"":0.014447987079620361,""raw_delta"":0.024636149406433105,""abs_raw_delta"":0.024636149406433105,""evidence_direction"":""support"",""evidence_rank_score"":0.875,""control_beat_rate"":1.0,""evidence_level"":""high"",""mapping_status"":""approximate"",""mapping_precision"":""approximate_proportional_token_position_to_measured_video_time_and_frame"",""time_start_seconds"":6.3626000000000005,""time_end_seconds"":10.97,""frame_start_est"":208,""frame_end_est"":326,""token_positions"":[21,22,23,24,25,26,27,28,29,30],""warning"":""No original token-level timestamps were provided; visual frames are proportional estimates.""}]","[{""window_index"":3,""positions"":[31,32,33,34,35,36,37,38,39,40],""class_delta"":-0.09789639711380005,""abs_class_delta"":0.09789639711380005,""raw_delta"":-0.06981444358825684,""abs_raw_delta"":0.06981444358825684,""evidence_direction"":""counter"",""evidence_rank_score"":0.125,""control_beat_rate"":0.5,""evidence_level"":""counter"",""mapping_status"":""unavailable"",""mapping_precision"":""none"",""text_char_start"":null,""text_char_end"":null,""text_snippet"":"""",""token_positions"":[31,32,33,34,35,36,37,38,39,40],""warning"":""no non-empty token offset in this window""}]","[{""window_index"":0,""positions"":[1,2,3,4,5,6,7,8,9,10],""class_delta"":-0.033107370138168335,""abs_class_delta"":0.033107370138168335,""raw_delta"":-0.07496899366378784,""abs_raw_delta"":0.07496899366378784,""evidence_direction"":""counter"",""evidence_rank_score"":0.0,""control_beat_rate"":0.5,""evidence_level"":""counter"",""mapping_status"":""approximate"",""mapping_precision"":""approximate_proportional_token_position_to_measured_video_time"",""time_start_seconds"":0.0,""time_end_seconds"":2.8522000000000003,""token_positions"":[1,2,3,4,5,6,7,8,9,10],""warning"":""No original token-level timestamps were provided; audio times are proportional estimates.""}]","[{""window_index"":0,""positions"":[1,2,3,4,5,6,7,8,9,10],""class_delta"":-0.035154521465301514,""abs_class_delta"":0.035154521465301514,""raw_delta"":-0.05427306890487671,""abs_raw_delta"":0.05427306890487671,""evidence_direction"":""counter"",""evidence_rank_score"":0.0,""control_beat_rate"":1.0,""evidence_level"":""counter"",""mapping_status"":""approximate"",""mapping_precision"":""approximate_proportional_token_position_to_measured_video_time_and_frame"",""time_start_seconds"":0.0,""time_end_seconds"":2.8522000000000003,""frame_start_est"":2,""frame_end_est"":83,""token_positions"":[1,2,3,4,5,6,7,8,9,10],""warning"":""No original token-level timestamps were provided; visual frames are proportional estimates.""}]",
08,Positive,0.9002399444580078,0.9002399444580078,audio,audio,vision,0.34398722648620605,0.35668349266052246,0.29932934045791626,1.1136839389801025,-1.418460726737976,1.1979846954345703,1.075391173362732,-0.919874370098114,0.7663257122039795,0.29856443405151367,0.38027119636535645,0.32116439938545227,0.38940998911857605,0.3330957889556885,0.27749425172805786,"[{""window_index"":0,""positions"":[1,2,3,4,5,6,7,8,9,10],""class_delta"":1.5337141752243042,""abs_class_delta"":1.5337141752243042,""raw_delta"":1.0697585344314575,""abs_raw_delta"":1.0697585344314575,""evidence_direction"":""support"",""evidence_rank_score"":1.0,""control_beat_rate"":0.5,""evidence_level"":""medium"",""mapping_status"":""exact"",""mapping_precision"":""exact_character_offsets_from_official_tokenizer"",""text_char_start"":0,""text_char_end"":53,""text_snippet"":""That brings us to tonight, the Universal Design Grand"",""token_positions"":[1,2,3,4,5,6,7,8,9,10],""warning"":""""},{""window_index"":1,""positions"":[11],""class_delta"":0.01858307421207428,""abs_class_delta"":0.01858307421207428,""raw_delta"":-0.009716451168060303,""abs_raw_delta"":0.009716451168060303,""evidence_direction"":""support"",""evidence_rank_score"":0.0,""control_beat_rate"":0.0,""evidence_level"":""low"",""mapping_status"":""exact"",""mapping_precision"":""exact_character_offsets_from_official_tokenizer"",""text_char_start"":54,""text_char_end"":63,""text_snippet"":""Challenge"",""token_positions"":[11],""warning"":""""}]",[],[],[],"[{""window_index"":0,""positions"":[1,2,3,4,5,6,7,8,9,10],""class_delta"":-0.12939037382602692,""abs_class_delta"":0.12939037382602692,""raw_delta"":-0.36923813819885254,""abs_raw_delta"":0.36923813819885254,""evidence_direction"":""counter"",""evidence_rank_score"":0.0,""control_beat_rate"":0.5,""evidence_level"":""counter"",""mapping_status"":""approximate"",""mapping_precision"":""approximate_proportional_token_position_to_measured_video_time"",""time_start_seconds"":0.0,""time_end_seconds"":6.78652380952381,""token_positions"":[1,2,3,4,5,6,7,8,9,10],""warning"":""No original token-level timestamps were provided; audio times are proportional estimates.""}]","[{""window_index"":0,""positions"":[1,2,3,4,5,6,7,8,9,10],""class_delta"":-0.08588368445634842,""abs_class_delta"":0.08588368445634842,""raw_delta"":-0.1528022289276123,""abs_raw_delta"":0.1528022289276123,""evidence_direction"":""counter"",""evidence_rank_score"":0.0,""control_beat_rate"":0.5,""evidence_level"":""counter"",""mapping_status"":""approximate"",""mapping_precision"":""approximate_proportional_token_position_to_measured_video_time_and_frame"",""time_start_seconds"":0.0,""time_end_seconds"":6.78652380952381,""frame_start_est"":8,""frame_end_est"":194,""token_positions"":[1,2,3,4,5,6,7,8,9,10],""warning"":""No original token-level timestamps were provided; visual frames are proportional estimates.""}]",
09,Negative,-2.260561466217041,-2.260561466217041,text,text,text,0.39250707626342773,0.23563125729560852,0.37186163663864136,0.8342787027359009,-0.5357675552368164,0.8207054734230042,-1.6556713581085205,0.9286266565322876,-1.5119138956069946,0.3808184564113617,0.24455876648426056,0.37462276220321655,0.40419572591781616,0.22670376300811768,0.36910051107406616,"[{""window_index"":0,""positions"":[1,2,3,4,5,6,7,8,9,10],""class_delta"":0.16681183874607086,""abs_class_delta"":0.16681183874607086,""raw_delta"":-1.343836784362793,""abs_raw_delta"":1.343836784362793,""evidence_direction"":""support"",""evidence_rank_score"":0.5,""control_beat_rate"":1.0,""evidence_level"":""medium"",""mapping_status"":""exact"",""mapping_precision"":""exact_character_offsets_from_official_tokenizer"",""text_char_start"":0,""text_char_end"":31,""text_snippet"":""(uhh) I did not like this movie"",""token_positions"":[1,2,3,4,5,6,7,8,9,10],""warning"":""""},{""window_index"":1,""positions"":[11,12,13,14,15,16,17,18],""class_delta"":0.007631008513271809,""abs_class_delta"":0.007631008513271809,""raw_delta"":-0.11673426628112793,""abs_raw_delta"":0.11673426628112793,""evidence_direction"":""support"",""evidence_rank_score"":0.5,""control_beat_rate"":0.0,""evidence_level"":""medium"",""mapping_status"":""exact"",""mapping_precision"":""exact_character_offsets_from_official_tokenizer"",""text_char_start"":32,""text_char_end"":64,""text_snippet"":""at all, I would not recommend it"",""token_positions"":[11,12,13,14,15,16,17,18],""warning"":""""}]",[],[],[],"[{""window_index"":1,""positions"":[11,12,13,14,15,16,17,18],""class_delta"":-0.00026067811995744705,""abs_class_delta"":0.00026067811995744705,""raw_delta"":0.017727136611938477,""abs_raw_delta"":0.017727136611938477,""evidence_direction"":""counter"",""evidence_rank_score"":0.5,""control_beat_rate"":1.0,""evidence_level"":""counter"",""mapping_status"":""approximate"",""mapping_precision"":""approximate_proportional_token_position_to_measured_video_time"",""time_start_seconds"":5.65,""time_end_seconds"":11.3,""token_positions"":[11,12,13,14,15,16,17,18],""warning"":""No original token-level timestamps were provided; audio times are proportional estimates.""}]","[{""window_index"":1,""positions"":[11,12,13,14,15,16,17,18],""class_delta"":-0.0007541477680206299,""abs_class_delta"":0.0007541477680206299,""raw_delta"":0.020250558853149414,""abs_raw_delta"":0.020250558853149414,""evidence_direction"":""counter"",""evidence_rank_score"":0.5,""control_beat_rate"":1.0,""evidence_level"":""counter"",""mapping_status"":""approximate"",""mapping_precision"":""approximate_proportional_token_position_to_measured_video_time_and_frame"",""time_start_seconds"":5.65,""time_end_seconds"":11.3,""frame_start_est"":175,""frame_end_est"":334,""token_positions"":[11,12,13,14,15,16,17,18],""warning"":""No original token-level timestamps were provided; visual frames are proportional estimates.""}]",
10,Negative,-2.0376217365264893,-2.0376217365264893,text,text,text,0.37802428007125854,0.28848421573638916,0.3334914445877075,1.1025102138519287,-0.9717242121696472,0.9869063496589661,-1.659482717514038,1.0879039764404297,-1.4444390535354614,0.3601631820201874,0.31743860244750977,0.32239821553230286,0.3958854079246521,0.25952985882759094,0.34458470344543457,"[{""window_index"":2,""positions"":[21,22,23,24,25,26,27,28,29,30],""class_delta"":2.204949140548706,""abs_class_delta"":2.204949140548706,""raw_delta"":-2.9493966102600098,""abs_raw_delta"":2.9493966102600098,""evidence_direction"":""support"",""evidence_rank_score"":0.5,""control_beat_rate"":1.0,""evidence_level"":""medium"",""mapping_status"":""unavailable"",""mapping_precision"":""none"",""text_char_start"":null,""text_char_end"":null,""text_snippet"":"""",""token_positions"":[21,22,23,24,25,26,27,28,29,30],""warning"":""no non-empty token offset in this window""},{""window_index"":1,""positions"":[11,12,13,14,15,16,17,18,19,20],""class_delta"":0.007056952454149723,""abs_class_delta"":0.007056952454149723,""raw_delta"":-0.13701939582824707,""abs_raw_delta"":0.13701939582824707,""evidence_direction"":""support"",""evidence_rank_score"":0.5,""control_beat_rate"":0.5,""evidence_level"":""medium"",""mapping_status"":""exact"",""mapping_precision"":""exact_character_offsets_from_official_tokenizer"",""text_char_start"":36,""text_char_end"":77,""text_snippet"":""to see fluffy chick flicks sometimes so I"",""token_positions"":[11,12,13,14,15,16,17,18,19,20],""warning"":""""}]","[{""window_index"":2,""positions"":[21,22,23,24,25,26,27,28,29,30],""class_delta"":0.002073095180094242,""abs_class_delta"":0.002073095180094242,""raw_delta"":-0.10903537273406982,""abs_raw_delta"":0.10903537273406982,""evidence_direction"":""support"",""evidence_rank_score"":0.5,""control_beat_rate"":1.0,""evidence_level"":""medium"",""mapping_status"":""approximate"",""mapping_precision"":""approximate_proportional_token_position_to_measured_video_time"",""time_start_seconds"":6.611255813953488,""time_end_seconds"":10.933999999999997,""token_positions"":[21,22,23,24,25,26,27,28,29,30],""warning"":""No original token-level timestamps were provided; audio times are proportional estimates.""}]","[{""window_index"":2,""positions"":[21,22,23,24,25,26,27,28,29,30],""class_delta"":0.002303650602698326,""abs_class_delta"":0.002303650602698326,""raw_delta"":-0.13259923458099365,""abs_raw_delta"":0.13259923458099365,""evidence_direction"":""support"",""evidence_rank_score"":0.5,""control_beat_rate"":1.0,""evidence_level"":""medium"",""mapping_status"":""approximate"",""mapping_precision"":""approximate_proportional_token_position_to_measured_video_time_and_frame"",""time_start_seconds"":6.611255813953488,""time_end_seconds"":10.933999999999997,""frame_start_est"":200,""frame_end_est"":318,""token_positions"":[21,22,23,24,25,26,27,28,29,30],""warning"":""No original token-level timestamps were provided; visual frames are proportional estimates.""}]","[{""window_index"":0,""positions"":[1,2,3,4,5,6,7,8,9,10],""class_delta"":-0.0038307644426822662,""abs_class_delta"":0.0038307644426822662,""raw_delta"":0.28038525581359863,""abs_raw_delta"":0.28038525581359863,""evidence_direction"":""counter"",""evidence_rank_score"":0.5,""control_beat_rate"":0.0,""evidence_level"":""counter"",""mapping_status"":""exact"",""mapping_precision"":""exact_character_offsets_from_official_tokenizer"",""text_char_start"":0,""text_char_end"":35,""text_snippet"":""(umm) And you know I really do like"",""token_positions"":[1,2,3,4,5,6,7,8,9,10],""warning"":""""}]","[{""window_index"":0,""positions"":[1,2,3,4,5,6,7,8,9,10],""class_delta"":-0.0014953631907701492,""abs_class_delta"":0.0014953631907701492,""raw_delta"":0.10654830932617188,""abs_raw_delta"":0.10654830932617188,""evidence_direction"":""counter"",""evidence_rank_score"":0.5,""control_beat_rate"":0.5,""evidence_level"":""counter"",""mapping_status"":""approximate"",""mapping_precision"":""approximate_proportional_token_position_to_measured_video_time"",""time_start_seconds"":0.0,""time_end_seconds"":2.9665891472868218,""token_positions"":[1,2,3,4,5,6,7,8,9,10],""warning"":""No original token-level timestamps were provided; audio times are proportional estimates.""}]","[{""window_index"":0,""positions"":[1,2,3,4,5,6,7,8,9,10],""class_delta"":-0.0016745096072554588,""abs_class_delta"":0.0016745096072554588,""raw_delta"":0.11916160583496094,""abs_raw_delta"":0.11916160583496094,""evidence_direction"":""counter"",""evidence_rank_score"":0.5,""control_beat_rate"":1.0,""evidence_level"":""counter"",""mapping_status"":""approximate"",""mapping_precision"":""approximate_proportional_token_position_to_measured_video_time_and_frame"",""time_start_seconds"":0.0,""time_end_seconds"":2.9665891472868218,""frame_start_est"":1,""frame_end_est"":84,""token_positions"":[1,2,3,4,5,6,7,8,9,10],""warning"":""No original token-level timestamps were provided; visual frames are proportional estimates.""}]",
11,Negative,-1.2626173496246338,-1.2626173496246338,vision,text,text,0.42909395694732666,0.11941749602556229,0.45148858428001404,0.5672897696495056,-0.09790659695863724,0.5447314977645874,-0.7061977386474609,0.286443293094635,-0.8212599754333496,0.46886250376701355,0.08091937005519867,0.45021817088127136,0.38932541012763977,0.1579156219959259,0.4527589976787567,"[{""window_index"":0,""positions"":[1,2,3,4,5,6,7,8,9,10],""class_delta"":1.5034003257751465,""abs_class_delta"":1.5034003257751465,""raw_delta"":-1.301193356513977,""abs_raw_delta"":1.301193356513977,""evidence_direction"":""support"",""evidence_rank_score"":0.5,""control_beat_rate"":1.0,""evidence_level"":""medium"",""mapping_status"":""exact"",""mapping_precision"":""exact_character_offsets_from_official_tokenizer"",""text_char_start"":0,""text_char_end"":44,""text_snippet"":""I would be ashamed to have made this film if"",""token_positions"":[1,2,3,4,5,6,7,8,9,10],""warning"":""""},{""window_index"":1,""positions"":[11,12,13,14],""class_delta"":0.003141254186630249,""abs_class_delta"":0.003141254186630249,""raw_delta"":-0.07062673568725586,""abs_raw_delta"":0.07062673568725586,""evidence_direction"":""support"",""evidence_rank_score"":0.5,""control_beat_rate"":0.0,""evidence_level"":""medium"",""mapping_status"":""exact"",""mapping_precision"":""exact_character_offsets_from_official_tokenizer"",""text_char_start"":45,""text_char_end"":61,""text_snippet"":""I was a director"",""token_positions"":[11,12,13,14],""warning"":""""}]",[],"[{""window_index"":0,""positions"":[1,2,3,4,5,6,7,8,9,10],""class_delta"":0.013853073120117188,""abs_class_delta"":0.013853073120117188,""raw_delta"":-0.028208017349243164,""abs_raw_delta"":0.028208017349243164,""evidence_direction"":""support"",""evidence_rank_score"":0.5,""control_beat_rate"":1.0,""evidence_level"":""medium"",""mapping_status"":""approximate"",""mapping_precision"":""approximate_proportional_token_position_to_measured_video_time_and_frame"",""time_start_seconds"":1.3877787807814457e-17,""time_end_seconds"":8.240262295081966,""frame_start_est"":3,""frame_end_est"":242,""token_positions"":[1,2,3,4,5,6,7,8,9,10],""warning"":""No original token-level timestamps were provided; visual frames are proportional estimates.""}]",[],"[{""window_index"":0,""positions"":[1,2,3,4,5,6,7,8,9,10],""class_delta"":-0.020791299641132355,""abs_class_delta"":0.020791299641132355,""raw_delta"":0.0723642110824585,""abs_raw_delta"":0.0723642110824585,""evidence_direction"":""counter"",""evidence_rank_score"":0.5,""control_beat_rate"":1.0,""evidence_level"":""counter"",""mapping_status"":""approximate"",""mapping_precision"":""approximate_proportional_token_position_to_measured_video_time"",""time_start_seconds"":1.3877787807814457e-17,""time_end_seconds"":8.240262295081966,""token_positions"":[1,2,3,4,5,6,7,8,9,10],""warning"":""No original token-level timestamps were provided; audio times are proportional estimates.""}]","[{""window_index"":1,""positions"":[11,12,13,14],""class_delta"":-0.004909105598926544,""abs_class_delta"":0.004909105598926544,""raw_delta"":0.024338841438293457,""abs_raw_delta"":0.024338841438293457,""evidence_direction"":""counter"",""evidence_rank_score"":0.5,""control_beat_rate"":0.0,""evidence_level"":""counter"",""mapping_status"":""approximate"",""mapping_precision"":""approximate_proportional_token_position_to_measured_video_time_and_frame"",""time_start_seconds"":8.427540983606558,""time_end_seconds"":11.424,""frame_start_est"":256,""frame_end_est"":320,""token_positions"":[11,12,13,14],""warning"":""No original token-level timestamps were provided; visual frames are proportional estimates.""}]",
12,Negative,-0.973746120929718,-0.973746120929718,text,text,text,0.5273275375366211,0.182000070810318,0.2906724214553833,0.8494393229484558,-0.31111806631088257,0.5282217264175415,-0.8201441764831543,0.26726409792900085,-0.39926284551620483,0.502990186214447,0.1842266172170639,0.3127831816673279,0.5516648292541504,0.1797735095024109,0.26856163144111633,"[{""window_index"":1,""positions"":[11,12,13,14,15,16,17,18,19,20],""class_delta"":0.019167162477970123,""abs_class_delta"":0.019167162477970123,""raw_delta"":-0.02061760425567627,""abs_raw_delta"":0.02061760425567627,""evidence_direction"":""support"",""evidence_rank_score"":0.625,""control_beat_rate"":1.0,""evidence_level"":""medium"",""mapping_status"":""exact"",""mapping_precision"":""exact_character_offsets_from_official_tokenizer"",""text_char_start"":52,""text_char_end"":89,""text_snippet"":""but usually by no fault of their own,"",""token_positions"":[11,12,13,14,15,16,17,18,19,20],""warning"":""""},{""window_index"":4,""positions"":[41,42],""class_delta"":0.05096474289894104,""abs_class_delta"":0.05096474289894104,""raw_delta"":-0.22139453887939453,""abs_raw_delta"":0.22139453887939453,""evidence_direction"":""support"",""evidence_rank_score"":0.5,""control_beat_rate"":0.5,""evidence_level"":""medium"",""mapping_status"":""unavailable"",""mapping_precision"":""none"",""text_char_start"":null,""text_char_end"":null,""text_snippet"":"""",""token_positions"":[41,42],""warning"":""no non-empty token offset in this window""}]",[],"[{""window_index"":1,""positions"":[11,12,13,14,15,16,17,18,19,20],""class_delta"":0.004349961876869202,""abs_class_delta"":0.004349961876869202,""raw_delta"":-0.042640507221221924,""abs_raw_delta"":0.042640507221221924,""evidence_direction"":""support"",""evidence_rank_score"":0.5,""control_beat_rate"":0.5,""evidence_level"":""medium"",""mapping_status"":""approximate"",""mapping_precision"":""approximate_proportional_token_position_to_measured_video_time_and_frame"",""time_start_seconds"":5.694000000000001,""time_end_seconds"":10.074000000000002,""frame_start_est"":176,""frame_end_est"":299,""token_positions"":[11,12,13,14,15,16,17,18,19,20],""warning"":""No original token-level timestamps were provided; visual frames are proportional estimates.""},{""window_index"":2,""positions"":[21,22,23,24,25,26,27,28,29,30],""class_delta"":0.0036424249410629272,""abs_class_delta"":0.0036424249410629272,""raw_delta"":-0.04129117727279663,""abs_raw_delta"":0.04129117727279663,""evidence_direction"":""support"",""evidence_rank_score"":0.5,""control_beat_rate"":0.5,""evidence_level"":""medium"",""mapping_status"":""approximate"",""mapping_precision"":""approximate_proportional_token_position_to_measured_video_time_and_frame"",""time_start_seconds"":10.1835,""time_end_seconds"":15.0015,""frame_start_est"":317,""frame_end_est"":445,""token_positions"":[21,22,23,24,25,26,27,28,29,30],""warning"":""No original token-level timestamps were provided; visual frames are proportional estimates.""}]","[{""window_index"":0,""positions"":[1,2,3,4,5,6,7,8,9,10],""class_delta"":-0.01995684951543808,""abs_class_delta"":0.01995684951543808,""raw_delta"":0.2763550877571106,""abs_raw_delta"":0.2763550877571106,""evidence_direction"":""counter"",""evidence_rank_score"":0.5,""control_beat_rate"":0.0,""evidence_level"":""counter"",""mapping_status"":""exact"",""mapping_precision"":""exact_character_offsets_from_official_tokenizer"",""text_char_start"":0,""text_char_end"":51,""text_snippet"":""Or worse, an individual previously had good credit,"",""token_positions"":[1,2,3,4,5,6,7,8,9,10],""warning"":""""}]","[{""window_index"":0,""positions"":[1,2,3,4,5,6,7,8,9,10],""class_delta"":-0.006266705691814423,""abs_class_delta"":0.006266705691814423,""raw_delta"":0.04240995645523071,""abs_raw_delta"":0.04240995645523071,""evidence_direction"":""counter"",""evidence_rank_score"":0.5,""control_beat_rate"":1.0,""evidence_level"":""counter"",""mapping_status"":""approximate"",""mapping_precision"":""approximate_proportional_token_position_to_measured_video_time"",""time_start_seconds"":1.3877787807814457e-17,""time_end_seconds"":5.5845,""token_positions"":[1,2,3,4,5,6,7,8,9,10],""warning"":""No original token-level timestamps were provided; audio times are proportional estimates.""}]","[{""window_index"":0,""positions"":[1,2,3,4,5,6,7,8,9,10],""class_delta"":-0.007999163120985031,""abs_class_delta"":0.007999163120985031,""raw_delta"":0.0741620659828186,""abs_raw_delta"":0.0741620659828186,""evidence_direction"":""counter"",""evidence_rank_score"":0.5,""control_beat_rate"":1.0,""evidence_level"":""counter"",""mapping_status"":""approximate"",""mapping_precision"":""approximate_proportional_token_position_to_measured_video_time_and_frame"",""time_start_seconds"":1.3877787807814457e-17,""time_end_seconds"":5.5845,""frame_start_est"":3,""frame_end_est"":166,""token_positions"":[1,2,3,4,5,6,7,8,9,10],""warning"":""No original token-level timestamps were provided; visual frames are proportional estimates.""}]",
13,Neutral,0.0,0.1655227690935135,text,vision,vision,0.4092097282409668,0.2276279628276825,0.3631622791290283,0.3568119406700134,-0.15648214519023895,0.40065798163414,0.18543502688407898,-0.1230594739317894,0.12475080788135529,0.3904055058956146,0.17121481895446777,0.4383796155452728,0.42801395058631897,0.2840411067008972,0.2879449725151062,"[{""window_index"":0,""positions"":[1,2,3,4,5,6,7,8,9,10],""class_delta"":0.014922082424163818,""abs_class_delta"":0.014922082424163818,""raw_delta"":0.04972683638334274,""abs_raw_delta"":0.04972683638334274,""evidence_direction"":""support"",""evidence_rank_score"":0.75,""control_beat_rate"":0.0,""evidence_level"":""medium"",""mapping_status"":""exact"",""mapping_precision"":""exact_character_offsets_from_official_tokenizer"",""text_char_start"":0,""text_char_end"":39,""text_snippet"":""For example, I could take a set of data"",""token_positions"":[1,2,3,4,5,6,7,8,9,10],""warning"":""""},{""window_index"":1,""positions"":[11,12,13,14,15,16,17,18,19,20],""class_delta"":0.1765347123146057,""abs_class_delta"":0.1765347123146057,""raw_delta"":-0.06381689012050629,""abs_raw_delta"":0.06381689012050629,""evidence_direction"":""support"",""evidence_rank_score"":0.5,""control_beat_rate"":1.0,""evidence_level"":""medium"",""mapping_status"":""exact"",""mapping_precision"":""exact_character_offsets_from_official_tokenizer"",""text_char_start"":40,""text_char_end"":72,""text_snippet"":""and from that data, I can find a"",""token_positions"":[11,12,13,14,15,16,17,18,19,20],""warning"":""""}]","[{""window_index"":1,""positions"":[11,12,13,14,15,16,17,18,19,20],""class_delta"":0.011111795902252197,""abs_class_delta"":0.011111795902252197,""raw_delta"":-0.07097265124320984,""abs_raw_delta"":0.07097265124320984,""evidence_direction"":""support"",""evidence_rank_score"":0.5,""control_beat_rate"":0.5,""evidence_level"":""medium"",""mapping_status"":""approximate"",""mapping_precision"":""approximate_proportional_token_position_to_measured_video_time"",""time_start_seconds"":2.6503816793893127,""time_end_seconds"":5.63206106870229,""token_positions"":[11,12,13,14,15,16,17,18,19,20],""warning"":""No original token-level timestamps were provided; audio times are proportional estimates.""}]",[],[],"[{""window_index"":0,""positions"":[1,2,3,4,5,6,7,8,9,10],""class_delta"":-0.06207910180091858,""abs_class_delta"":0.06207910180091858,""raw_delta"":-0.05543068051338196,""abs_raw_delta"":0.05543068051338196,""evidence_direction"":""counter"",""evidence_rank_score"":0.25,""control_beat_rate"":1.0,""evidence_level"":""counter"",""mapping_status"":""approximate"",""mapping_precision"":""approximate_proportional_token_position_to_measured_video_time"",""time_start_seconds"":0.0,""time_end_seconds"":2.58412213740458,""token_positions"":[1,2,3,4,5,6,7,8,9,10],""warning"":""No original token-level timestamps were provided; audio times are proportional estimates.""}]",[],
14,Positive,0.8310335874557495,0.8310335874557495,text,audio,audio,0.4337064027786255,0.39477312564849854,0.17152047157287598,0.12521128356456757,0.37751126289367676,0.059408437460660934,0.5496681928634644,0.10058940201997757,0.20237889885902405,0.222743958234787,0.671571671962738,0.10568433254957199,0.6446688771247864,0.11797454953193665,0.23735660314559937,"[{""window_index"":0,""positions"":[1,2,3,4,5,6,7,8,9,10],""class_delta"":0.12665432691574097,""abs_class_delta"":0.12665432691574097,""raw_delta"":0.1276317834854126,""abs_raw_delta"":0.1276317834854126,""evidence_direction"":""support"",""evidence_rank_score"":1.0,""control_beat_rate"":1.0,""evidence_level"":""high"",""mapping_status"":""exact"",""mapping_precision"":""exact_character_offsets_from_official_tokenizer"",""text_char_start"":0,""text_char_end"":34,""text_snippet"":""He is the co-founder of Rossen and"",""token_positions"":[1,2,3,4,5,6,7,8,9,10],""warning"":""""},{""window_index"":2,""positions"":[21,22,23,24,25,26,27,28,29,30],""class_delta"":0.08099955320358276,""abs_class_delta"":0.08099955320358276,""raw_delta"":0.07361787557601929,""abs_raw_delta"":0.07361787557601929,""evidence_direction"":""support"",""evidence_rank_score"":0.5,""control_beat_rate"":0.5,""evidence_level"":""medium"",""mapping_status"":""unavailable"",""mapping_precision"":""none"",""text_char_start"":null,""text_char_end"":null,""text_snippet"":"""",""token_positions"":[21,22,23,24,25,26,27,28,29,30],""warning"":""no non-empty token offset in this window""}]","[{""window_index"":0,""positions"":[1,2,3,4,5,6,7,8,9,10],""class_delta"":0.04316985607147217,""abs_class_delta"":0.04316985607147217,""raw_delta"":0.015760183334350586,""abs_raw_delta"":0.015760183334350586,""evidence_direction"":""support"",""evidence_rank_score"":1.0,""control_beat_rate"":0.5,""evidence_level"":""medium"",""mapping_status"":""approximate"",""mapping_precision"":""approximate_proportional_token_position_to_measured_video_time"",""time_start_seconds"":0.0,""time_end_seconds"":3.010191082802548,""token_positions"":[1,2,3,4,5,6,7,8,9,10],""warning"":""No original token-level timestamps were provided; audio times are proportional estimates.""},{""window_index"":1,""positions"":[11,12,13,14,15,16,17,18,19,20],""class_delta"":0.030239880084991455,""abs_class_delta"":0.030239880084991455,""raw_delta"":-0.01213449239730835,""abs_raw_delta"":0.01213449239730835,""evidence_direction"":""support"",""evidence_rank_score"":0.6666666666666666,""control_beat_rate"":0.5,""evidence_level"":""medium"",""mapping_status"":""approximate"",""mapping_precision"":""approximate_proportional_token_position_to_measured_video_time"",""time_start_seconds"":3.098726114649682,""time_end_seconds"":7.702547770700638,""token_positions"":[11,12,13,14,15,16,17,18,19,20],""warning"":""No original token-level timestamps were provided; audio times are proportional estimates.""}]","[{""window_index"":1,""positions"":[11,12,13,14,15,16,17,18,19,20],""class_delta"":0.05479323863983154,""abs_class_delta"":0.05479323863983154,""raw_delta"":0.033714890480041504,""abs_raw_delta"":0.033714890480041504,""evidence_direction"":""support"",""evidence_rank_score"":1.0,""control_beat_rate"":0.5,""evidence_level"":""medium"",""mapping_status"":""approximate"",""mapping_precision"":""approximate_proportional_token_position_to_measured_video_time_and_frame"",""time_start_seconds"":3.098726114649682,""time_end_seconds"":7.702547770700638,""frame_start_est"":97,""frame_end_est"":228,""token_positions"":[11,12,13,14,15,16,17,18,19,20],""warning"":""No original token-level timestamps were provided; visual frames are proportional estimates.""},{""window_index"":0,""positions"":[1,2,3,4,5,6,7,8,9,10],""class_delta"":0.0231742262840271,""abs_class_delta"":0.0231742262840271,""raw_delta"":0.010602355003356934,""abs_raw_delta"":0.010602355003356934,""evidence_direction"":""support"",""evidence_rank_score"":0.6666666666666666,""control_beat_rate"":0.5,""evidence_level"":""medium"",""mapping_status"":""approximate"",""mapping_precision"":""approximate_proportional_token_position_to_measured_video_time_and_frame"",""time_start_seconds"":0.0,""time_end_seconds"":3.010191082802548,""frame_start_est"":3,""frame_end_est"":86,""token_positions"":[1,2,3,4,5,6,7,8,9,10],""warning"":""No original token-level timestamps were provided; visual frames are proportional estimates.""}]","[{""window_index"":3,""positions"":[31,32,33,34,35],""class_delta"":-0.038195013999938965,""abs_class_delta"":0.038195013999938965,""raw_delta"":0.04826563596725464,""abs_raw_delta"":0.04826563596725464,""evidence_direction"":""counter"",""evidence_rank_score"":0.0,""control_beat_rate"":0.0,""evidence_level"":""counter"",""mapping_status"":""unavailable"",""mapping_precision"":""none"",""text_char_start"":null,""text_char_end"":null,""text_snippet"":"""",""token_positions"":[31,32,33,34,35],""warning"":""no non-empty token offset in this window""}]","[{""window_index"":2,""positions"":[21,22,23,24,25,26,27,28,29,30],""class_delta"":-0.04407048225402832,""abs_class_delta"":0.04407048225402832,""raw_delta"":-0.061020851135253906,""abs_raw_delta"":0.061020851135253906,""evidence_direction"":""counter"",""evidence_rank_score"":0.0,""control_beat_rate"":1.0,""evidence_level"":""counter"",""mapping_status"":""approximate"",""mapping_precision"":""approximate_proportional_token_position_to_measured_video_time"",""time_start_seconds"":7.791082802547772,""time_end_seconds"":12.21783439490446,""token_positions"":[21,22,23,24,25,26,27,28,29,30],""warning"":""No original token-level timestamps were provided; audio times are proportional estimates.""}]",[],
15,Positive,0.5288534164428711,0.5288534164428711,vision,vision,vision,0.16527996957302094,0.4008527398109436,0.43386733531951904,0.14454039931297302,0.1802329570055008,0.3618538975715637,0.06608333438634872,0.29681387543678284,0.1875581443309784,0.2105078101158142,0.26249024271965027,0.5270019173622131,0.12005212903022766,0.5392152070999146,0.34073272347450256,"[{""window_index"":1,""positions"":[11,12,13,14,15,16,17,18,19,20],""class_delta"":0.6546778678894043,""abs_class_delta"":0.6546778678894043,""raw_delta"":0.33720099925994873,""abs_raw_delta"":0.33720099925994873,""evidence_direction"":""support"",""evidence_rank_score"":1.0,""control_beat_rate"":1.0,""evidence_level"":""high"",""mapping_status"":""exact"",""mapping_precision"":""exact_character_offsets_from_official_tokenizer"",""text_char_start"":51,""text_char_end"":101,""text_snippet"":""ze education because they believed in its power to"",""token_positions"":[11,12,13,14,15,16,17,18,19,20],""warning"":""""},{""window_index"":2,""positions"":[21],""class_delta"":0.12448117136955261,""abs_class_delta"":0.12448117136955261,""raw_delta"":0.11068275570869446,""abs_raw_delta"":0.11068275570869446,""evidence_direction"":""support"",""evidence_rank_score"":0.5,""control_beat_rate"":1.0,""evidence_level"":""medium"",""mapping_status"":""unavailable"",""mapping_precision"":""none"",""text_char_start"":null,""text_char_end"":null,""text_snippet"":"""",""token_positions"":[21],""warning"":""no non-empty token offset in this window""}]","[{""window_index"":1,""positions"":[11,12,13,14,15,16,17,18,19,20],""class_delta"":0.10550960898399353,""abs_class_delta"":0.10550960898399353,""raw_delta"":0.10435828566551208,""abs_raw_delta"":0.10435828566551208,""evidence_direction"":""support"",""evidence_rank_score"":1.0,""control_beat_rate"":1.0,""evidence_level"":""high"",""mapping_status"":""approximate"",""mapping_precision"":""approximate_proportional_token_position_to_measured_video_time"",""time_start_seconds"":3.1968717948717944,""time_end_seconds"":6.9578974358974355,""token_positions"":[11,12,13,14,15,16,17,18,19,20],""warning"":""No original token-level timestamps were provided; audio times are proportional estimates.""},{""window_index"":2,""positions"":[21],""class_delta"":0.011482059955596924,""abs_class_delta"":0.011482059955596924,""raw_delta"":0.007758736610412598,""abs_raw_delta"":0.007758736610412598,""evidence_direction"":""support"",""evidence_rank_score"":0.5,""control_beat_rate"":1.0,""evidence_level"":""medium"",""mapping_status"":""approximate"",""mapping_precision"":""approximate_proportional_token_position_to_measured_video_time"",""time_start_seconds"":7.020581196581196,""time_end_seconds"":7.334,""token_positions"":[21],""warning"":""No original token-level timestamps were provided; audio times are proportional estimates.""}]","[{""window_index"":2,""positions"":[21],""class_delta"":0.010385602712631226,""abs_class_delta"":0.010385602712631226,""raw_delta"":0.01544278860092163,""abs_raw_delta"":0.01544278860092163,""evidence_direction"":""support"",""evidence_rank_score"":0.75,""control_beat_rate"":0.5,""evidence_level"":""medium"",""mapping_status"":""approximate"",""mapping_precision"":""approximate_proportional_token_position_to_measured_video_time_and_frame"",""time_start_seconds"":7.020581196581196,""time_end_seconds"":7.334,""frame_start_est"":215,""frame_end_est"":215,""token_positions"":[21],""warning"":""No original token-level timestamps were provided; visual frames are proportional estimates.""},{""window_index"":1,""positions"":[11,12,13,14,15,16,17,18,19,20],""class_delta"":0.009824275970458984,""abs_class_delta"":0.009824275970458984,""raw_delta"":0.022544264793395996,""abs_raw_delta"":0.022544264793395996,""evidence_direction"":""support"",""evidence_rank_score"":0.75,""control_beat_rate"":0.0,""evidence_level"":""medium"",""mapping_status"":""approximate"",""mapping_precision"":""approximate_proportional_token_position_to_measured_video_time_and_frame"",""time_start_seconds"":3.1968717948717944,""time_end_seconds"":6.9578974358974355,""frame_start_est"":98,""frame_end_est"":200,""token_positions"":[11,12,13,14,15,16,17,18,19,20],""warning"":""No original token-level timestamps were provided; visual frames are proportional estimates.""}]","[{""window_index"":0,""positions"":[1,2,3,4,5,6,7,8,9,10],""class_delta"":-0.24492816627025604,""abs_class_delta"":0.24492816627025604,""raw_delta"":-0.31709176301956177,""abs_raw_delta"":0.31709176301956177,""evidence_direction"":""counter"",""evidence_rank_score"":0.0,""control_beat_rate"":0.5,""evidence_level"":""counter"",""mapping_status"":""exact"",""mapping_precision"":""exact_character_offsets_from_official_tokenizer"",""text_char_start"":0,""text_char_end"":51,""text_snippet"":""However, despite their poverty, the family prioriti"",""token_positions"":[1,2,3,4,5,6,7,8,9,10],""warning"":""""}]","[{""window_index"":0,""positions"":[1,2,3,4,5,6,7,8,9,10],""class_delta"":-0.0723382830619812,""abs_class_delta"":0.0723382830619812,""raw_delta"":-0.06882268190383911,""abs_raw_delta"":0.06882268190383911,""evidence_direction"":""counter"",""evidence_rank_score"":0.0,""control_beat_rate"":1.0,""evidence_level"":""counter"",""mapping_status"":""approximate"",""mapping_precision"":""approximate_proportional_token_position_to_measured_video_time"",""time_start_seconds"":2.7755575615628914e-17,""time_end_seconds"":3.1968717948717944,""token_positions"":[1,2,3,4,5,6,7,8,9,10],""warning"":""No original token-level timestamps were provided; audio times are proportional estimates.""}]","[{""window_index"":0,""positions"":[1,2,3,4,5,6,7,8,9,10],""class_delta"":-0.05009955167770386,""abs_class_delta"":0.05009955167770386,""raw_delta"":-0.037800610065460205,""abs_raw_delta"":0.037800610065460205,""evidence_direction"":""counter"",""evidence_rank_score"":0.0,""control_beat_rate"":1.0,""evidence_level"":""counter"",""mapping_status"":""approximate"",""mapping_precision"":""approximate_proportional_token_position_to_measured_video_time_and_frame"",""time_start_seconds"":2.7755575615628914e-17,""time_end_seconds"":3.1968717948717944,""frame_start_est"":7,""frame_end_est"":93,""token_positions"":[1,2,3,4,5,6,7,8,9,10],""warning"":""No original token-level timestamps were provided; visual frames are proportional estimates.""}]",
16,Negative,-2.4232094287872314,-2.4232094287872314,text,text,text,0.43540894985198975,0.19645041227340698,0.36814063787460327,0.8252400755882263,-0.3791132867336273,0.6749579906463623,-1.6785540580749512,0.7433196306228638,-1.4663723707199097,0.439118355512619,0.2017298936843872,0.35915178060531616,0.4316995441913605,0.19117093086242676,0.37712952494621277,"[{""window_index"":0,""positions"":[1,2,3,4,5,6,7,8,9,10],""class_delta"":1.2558109760284424,""abs_class_delta"":1.2558109760284424,""raw_delta"":-2.262970447540283,""abs_raw_delta"":2.262970447540283,""evidence_direction"":""support"",""evidence_rank_score"":0.5,""control_beat_rate"":1.0,""evidence_level"":""medium"",""mapping_status"":""exact"",""mapping_precision"":""exact_character_offsets_from_official_tokenizer"",""text_char_start"":0,""text_char_end"":35,""text_snippet"":""It's a terrible, this is a terrible"",""token_positions"":[1,2,3,4,5,6,7,8,9,10],""warning"":""""},{""window_index"":1,""positions"":[11],""class_delta"":0.00359365064650774,""abs_class_delta"":0.00359365064650774,""raw_delta"":-0.19312477111816406,""abs_raw_delta"":0.19312477111816406,""evidence_direction"":""support"",""evidence_rank_score"":0.5,""control_beat_rate"":1.0,""evidence_level"":""medium"",""mapping_status"":""exact"",""mapping_precision"":""exact_character_offsets_from_official_tokenizer"",""text_char_start"":36,""text_char_end"":41,""text_snippet"":""movie"",""token_positions"":[11],""warning"":""""}]",[],[],[],"[{""window_index"":0,""positions"":[1,2,3,4,5,6,7,8,9,10],""class_delta"":-0.0010178317315876484,""abs_class_delta"":0.0010178317315876484,""raw_delta"":0.04037809371948242,""abs_raw_delta"":0.04037809371948242,""evidence_direction"":""counter"",""evidence_rank_score"":0.5,""control_beat_rate"":0.0,""evidence_level"":""counter"",""mapping_status"":""approximate"",""mapping_precision"":""approximate_proportional_token_position_to_measured_video_time"",""time_start_seconds"":0.0,""time_end_seconds"":4.757439024390244,""token_positions"":[1,2,3,4,5,6,7,8,9,10],""warning"":""No original token-level timestamps were provided; audio times are proportional estimates.""}]","[{""window_index"":1,""positions"":[11],""class_delta"":-9.80747863650322e-05,""abs_class_delta"":9.80747863650322e-05,""raw_delta"":0.001360177993774414,""abs_raw_delta"":0.001360177993774414,""evidence_direction"":""counter"",""evidence_rank_score"":0.5,""control_beat_rate"":1.0,""evidence_level"":""counter"",""mapping_status"":""approximate"",""mapping_precision"":""approximate_proportional_token_position_to_measured_video_time_and_frame"",""time_start_seconds"":4.893365853658537,""time_end_seconds"":5.573,""frame_start_est"":157,""frame_end_est"":157,""token_positions"":[11],""warning"":""No original token-level timestamps were provided; visual frames are proportional estimates.""}]",
17,Positive,1.3042945861816406,1.3042945861816406,text,text,text,0.4299735128879547,0.21514366567134857,0.35488277673721313,0.9082238078117371,-0.5866461396217346,0.719910740852356,0.8913666009902954,-0.3277381658554077,0.7622685432434082,0.4100739061832428,0.2648777365684509,0.3250482976436615,0.4498731195926666,0.16540959477424622,0.38471728563308716,"[{""window_index"":1,""positions"":[11,12,13,14,15,16,17,18,19,20],""class_delta"":0.23829135298728943,""abs_class_delta"":0.23829135298728943,""raw_delta"":0.4823639988899231,""abs_raw_delta"":0.4823639988899231,""evidence_direction"":""support"",""evidence_rank_score"":1.0,""control_beat_rate"":1.0,""evidence_level"":""high"",""mapping_status"":""exact"",""mapping_precision"":""exact_character_offsets_from_official_tokenizer"",""text_char_start"":67,""text_char_end"":111,""text_snippet"":"", easy and will make people think you turned"",""token_positions"":[11,12,13,14,15,16,17,18,19,20],""warning"":""""},{""window_index"":0,""positions"":[1,2,3,4,5,6,7,8,9,10],""class_delta"":0.07410012185573578,""abs_class_delta"":0.07410012185573578,""raw_delta"":0.22446739673614502,""abs_raw_delta"":0.22446739673614502,""evidence_direction"":""support"",""evidence_rank_score"":0.5,""control_beat_rate"":0.0,""evidence_level"":""medium"",""mapping_status"":""exact"",""mapping_precision"":""exact_character_offsets_from_official_tokenizer"",""text_char_start"":0,""text_char_end"":67,""text_snippet"":""Applying these four design concepts to your presentations is simple"",""token_positions"":[1,2,3,4,5,6,7,8,9,10],""warning"":""""}]",[],"[{""window_index"":1,""positions"":[11,12,13,14,15,16,17,18,19,20],""class_delta"":0.005531031638383865,""abs_class_delta"":0.005531031638383865,""raw_delta"":0.035289883613586426,""abs_raw_delta"":0.035289883613586426,""evidence_direction"":""support"",""evidence_rank_score"":1.0,""control_beat_rate"":1.0,""evidence_level"":""high"",""mapping_status"":""approximate"",""mapping_precision"":""approximate_proportional_token_position_to_measured_video_time_and_frame"",""time_start_seconds"":7.160305343511451,""time_end_seconds"":12.396946564885496,""frame_start_est"":216,""frame_end_est"":365,""token_positions"":[11,12,13,14,15,16,17,18,19,20],""warning"":""No original token-level timestamps were provided; visual frames are proportional estimates.""},{""window_index"":0,""positions"":[1,2,3,4,5,6,7,8,9,10],""class_delta"":0.0028519295156002045,""abs_class_delta"":0.0028519295156002045,""raw_delta"":0.020063281059265137,""abs_raw_delta"":0.020063281059265137,""evidence_direction"":""support"",""evidence_rank_score"":0.5,""control_beat_rate"":0.5,""evidence_level"":""medium"",""mapping_status"":""approximate"",""mapping_precision"":""approximate_proportional_token_position_to_measured_video_time_and_frame"",""time_start_seconds"":0.0,""time_end_seconds"":7.1603053435114505,""frame_start_est"":13,""frame_end_est"":205,""token_positions"":[1,2,3,4,5,6,7,8,9,10],""warning"":""No original token-level timestamps were provided; visual frames are proportional estimates.""}]",[],"[{""window_index"":1,""positions"":[11,12,13,14,15,16,17,18,19,20],""class_delta"":-0.03154972568154335,""abs_class_delta"":0.03154972568154335,""raw_delta"":-0.16301023960113525,""abs_raw_delta"":0.16301023960113525,""evidence_direction"":""counter"",""evidence_rank_score"":0.0,""control_beat_rate"":0.5,""evidence_level"":""counter"",""mapping_status"":""approximate"",""mapping_precision"":""approximate_proportional_token_position_to_measured_video_time"",""time_start_seconds"":7.160305343511451,""time_end_seconds"":12.396946564885496,""token_positions"":[11,12,13,14,15,16,17,18,19,20],""warning"":""No original token-level timestamps were provided; audio times are proportional estimates.""}]","[{""window_index"":2,""positions"":[21,22,23,24],""class_delta"":-0.003053620457649231,""abs_class_delta"":0.003053620457649231,""raw_delta"":-0.016425132751464844,""abs_raw_delta"":0.016425132751464844,""evidence_direction"":""counter"",""evidence_rank_score"":0.0,""control_beat_rate"":0.0,""evidence_level"":""counter"",""mapping_status"":""approximate"",""mapping_precision"":""approximate_proportional_token_position_to_measured_video_time_and_frame"",""time_start_seconds"":12.50381679389313,""time_end_seconds"":14.0,""frame_start_est"":377,""frame_end_est"":418,""token_positions"":[21,22,23,24],""warning"":""No original token-level timestamps were provided; visual frames are proportional estimates.""}]",
18,Negative,-0.41279855370521545,-0.41279855370521545,text,text,text,0.5663312673568726,0.21832358837127686,0.21534517407417297,0.3717471659183502,-0.2756333649158478,0.3214901089668274,-0.4211597144603729,0.08556102216243744,-0.05559685453772545,0.3836912214756012,0.28448933362960815,0.33181944489479065,0.7489713430404663,0.15215784311294556,0.09887091815471649,"[{""window_index"":4,""positions"":[41,42,43,44,45,46,47,48],""class_delta"":0.08630907535552979,""abs_class_delta"":0.08630907535552979,""raw_delta"":-0.015938758850097656,""abs_raw_delta"":0.015938758850097656,""evidence_direction"":""support"",""evidence_rank_score"":0.625,""control_beat_rate"":0.0,""evidence_level"":""medium"",""mapping_status"":""unavailable"",""mapping_precision"":""none"",""text_char_start"":null,""text_char_end"":null,""text_snippet"":"""",""token_positions"":[41,42,43,44,45,46,47,48],""warning"":""no non-empty token offset in this window""},{""window_index"":2,""positions"":[21,22,23,24,25,26,27,28,29,30],""class_delta"":0.6456875205039978,""abs_class_delta"":0.6456875205039978,""raw_delta"":-0.24910998344421387,""abs_raw_delta"":0.24910998344421387,""evidence_direction"":""support"",""evidence_rank_score"":0.5,""control_beat_rate"":0.5,""evidence_level"":""medium"",""mapping_status"":""unavailable"",""mapping_precision"":""none"",""text_char_start"":null,""text_char_end"":null,""text_snippet"":"""",""token_positions"":[21,22,23,24,25,26,27,28,29,30],""warning"":""no non-empty token offset in this window""}]","[{""window_index"":3,""positions"":[31,32,33,34,35,36,37,38,39,40],""class_delta"":0.0042945146560668945,""abs_class_delta"":0.0042945146560668945,""raw_delta"":0.01863408088684082,""abs_raw_delta"":0.01863408088684082,""evidence_direction"":""support"",""evidence_rank_score"":0.75,""control_beat_rate"":0.0,""evidence_level"":""medium"",""mapping_status"":""approximate"",""mapping_precision"":""approximate_proportional_token_position_to_measured_video_time"",""time_start_seconds"":11.398437037037036,""time_end_seconds"":16.41715185185185,""token_positions"":[31,32,33,34,35,36,37,38,39,40],""warning"":""No original token-level timestamps were provided; audio times are proportional estimates.""},{""window_index"":2,""positions"":[21,22,23,24,25,26,27,28,29,30],""class_delta"":0.06676316261291504,""abs_class_delta"":0.06676316261291504,""raw_delta"":0.0005622506141662598,""abs_raw_delta"":0.0005622506141662598,""evidence_direction"":""support"",""evidence_rank_score"":0.5,""control_beat_rate"":1.0,""evidence_level"":""medium"",""mapping_status"":""approximate"",""mapping_precision"":""approximate_proportional_token_position_to_measured_video_time"",""time_start_seconds"":7.740729629629628,""time_end_seconds"":11.313374074074073,""token_positions"":[21,22,23,24,25,26,27,28,29,30],""warning"":""No original token-level timestamps were provided; audio times are proportional estimates.""}]","[{""window_index"":4,""positions"":[41,42,43,44,45,46,47,48],""class_delta"":0.020642757415771484,""abs_class_delta"":0.020642757415771484,""raw_delta"":-0.016691088676452637,""abs_raw_delta"":0.016691088676452637,""evidence_direction"":""support"",""evidence_rank_score"":0.625,""control_beat_rate"":0.5,""evidence_level"":""medium"",""mapping_status"":""approximate"",""mapping_precision"":""approximate_proportional_token_position_to_measured_video_time_and_frame"",""time_start_seconds"":16.502214814814813,""time_end_seconds"":19.309292592592595,""frame_start_est"":498,""frame_end_est"":578,""token_positions"":[41,42,43,44,45,46,47,48],""warning"":""No original token-level timestamps were provided; visual frames are proportional estimates.""},{""window_index"":2,""positions"":[21,22,23,24,25,26,27,28,29,30],""class_delta"":0.06697338819503784,""abs_class_delta"":0.06697338819503784,""raw_delta"":-0.039510518312454224,""abs_raw_delta"":0.039510518312454224,""evidence_direction"":""support"",""evidence_rank_score"":0.5,""control_beat_rate"":1.0,""evidence_level"":""medium"",""mapping_status"":""approximate"",""mapping_precision"":""approximate_proportional_token_position_to_measured_video_time_and_frame"",""time_start_seconds"":7.740729629629628,""time_end_seconds"":11.313374074074073,""frame_start_est"":235,""frame_end_est"":336,""token_positions"":[21,22,23,24,25,26,27,28,29,30],""warning"":""No original token-level timestamps were provided; visual frames are proportional estimates.""}]","[{""window_index"":1,""positions"":[11,12,13,14,15,16,17,18,19,20],""class_delta"":-0.2518170475959778,""abs_class_delta"":0.2518170475959778,""raw_delta"":0.08123087882995605,""abs_raw_delta"":0.08123087882995605,""evidence_direction"":""counter"",""evidence_rank_score"":0.375,""control_beat_rate"":0.0,""evidence_level"":""counter"",""mapping_status"":""exact"",""mapping_precision"":""exact_character_offsets_from_official_tokenizer"",""text_char_start"":47,""text_char_end"":87,""text_snippet"":""has been MSC – certified -Meanwhile, the"",""token_positions"":[11,12,13,14,15,16,17,18,19,20],""warning"":""""}]","[{""window_index"":1,""positions"":[11,12,13,14,15,16,17,18,19,20],""class_delta"":-0.061094582080841064,""abs_class_delta"":0.061094582080841064,""raw_delta"":0.04214999079704285,""abs_raw_delta"":0.04214999079704285,""evidence_direction"":""counter"",""evidence_rank_score"":0.5,""control_beat_rate"":1.0,""evidence_level"":""counter"",""mapping_status"":""approximate"",""mapping_precision"":""approximate_proportional_token_position_to_measured_video_time"",""time_start_seconds"":3.9979592592592588,""time_end_seconds"":7.740729629629629,""token_positions"":[11,12,13,14,15,16,17,18,19,20],""warning"":""No original token-level timestamps were provided; audio times are proportional estimates.""}]","[{""window_index"":1,""positions"":[11,12,13,14,15,16,17,18,19,20],""class_delta"":-0.046725332736968994,""abs_class_delta"":0.046725332736968994,""raw_delta"":-0.010119706392288208,""abs_raw_delta"":0.010119706392288208,""evidence_direction"":""counter"",""evidence_rank_score"":0.5,""control_beat_rate"":1.0,""evidence_level"":""counter"",""mapping_status"":""approximate"",""mapping_precision"":""approximate_proportional_token_position_to_measured_video_time_and_frame"",""time_start_seconds"":3.9979592592592588,""time_end_seconds"":7.740729629629629,""frame_start_est"":124,""frame_end_est"":228,""token_positions"":[11,12,13,14,15,16,17,18,19,20],""warning"":""No original token-level timestamps were provided; visual frames are proportional estimates.""}]",
19,Negative,-0.11069799959659576,-0.11069799959659576,audio,audio,vision,0.2717060446739197,0.40801045298576355,0.32028353214263916,0.7789985537528992,-0.8819065690040588,0.873032808303833,-0.3283441364765167,0.6511380076408386,-0.41188910603523254,0.3074260652065277,0.3480379581451416,0.3445359766483307,0.23598599433898926,0.4679829478263855,0.29603105783462524,"[{""window_index"":1,""positions"":[11,12,13,14,15,16,17,18,19,20],""class_delta"":1.1361868381500244,""abs_class_delta"":1.1361868381500244,""raw_delta"":-0.6800239086151123,""abs_raw_delta"":0.6800239086151123,""evidence_direction"":""support"",""evidence_rank_score"":0.5,""control_beat_rate"":1.0,""evidence_level"":""medium"",""mapping_status"":""exact"",""mapping_precision"":""exact_character_offsets_from_official_tokenizer"",""text_char_start"":58,""text_char_end"":104,""text_snippet"":""to mistakes, and unfortunately some haters out"",""token_positions"":[11,12,13,14,15,16,17,18,19,20],""warning"":""""},{""window_index"":0,""positions"":[1,2,3,4,5,6,7,8,9,10],""class_delta"":0.7549923658370972,""abs_class_delta"":0.7549923658370972,""raw_delta"":-0.5327858924865723,""abs_raw_delta"":0.5327858924865723,""evidence_direction"":""support"",""evidence_rank_score"":0.5,""control_beat_rate"":1.0,""evidence_level"":""medium"",""mapping_status"":""exact"",""mapping_precision"":""exact_character_offsets_from_official_tokenizer"",""text_char_start"":0,""text_char_end"":57,""text_snippet"":""People are surprisingly forgiving brands when they own up"",""token_positions"":[1,2,3,4,5,6,7,8,9,10],""warning"":""""}]","[{""window_index"":0,""positions"":[1,2,3,4,5,6,7,8,9,10],""class_delta"":0.034347206354141235,""abs_class_delta"":0.034347206354141235,""raw_delta"":-0.06674650311470032,""abs_raw_delta"":0.06674650311470032,""evidence_direction"":""support"",""evidence_rank_score"":0.5,""control_beat_rate"":1.0,""evidence_level"":""medium"",""mapping_status"":""approximate"",""mapping_precision"":""approximate_proportional_token_position_to_measured_video_time"",""time_start_seconds"":0.0,""time_end_seconds"":5.1836796116504855,""token_positions"":[1,2,3,4,5,6,7,8,9,10],""warning"":""No original token-level timestamps were provided; audio times are proportional estimates.""}]","[{""window_index"":0,""positions"":[1,2,3,4,5,6,7,8,9,10],""class_delta"":0.009125322103500366,""abs_class_delta"":0.009125322103500366,""raw_delta"":-0.019677691161632538,""abs_raw_delta"":0.019677691161632538,""evidence_direction"":""support"",""evidence_rank_score"":0.5,""control_beat_rate"":1.0,""evidence_level"":""medium"",""mapping_status"":""approximate"",""mapping_precision"":""approximate_proportional_token_position_to_measured_video_time_and_frame"",""time_start_seconds"":0.0,""time_end_seconds"":5.1836796116504855,""frame_start_est"":8,""frame_end_est"":153,""token_positions"":[1,2,3,4,5,6,7,8,9,10],""warning"":""No original token-level timestamps were provided; visual frames are proportional estimates.""}]","[{""window_index"":2,""positions"":[21,22,23,24,25,26,27,28,29,30],""class_delta"":-0.18066056072711945,""abs_class_delta"":0.18066056072711945,""raw_delta"":0.3878955841064453,""abs_raw_delta"":0.3878955841064453,""evidence_direction"":""counter"",""evidence_rank_score"":0.5,""control_beat_rate"":1.0,""evidence_level"":""counter"",""mapping_status"":""unavailable"",""mapping_precision"":""none"",""text_char_start"":null,""text_char_end"":null,""text_snippet"":"""",""token_positions"":[21,22,23,24,25,26,27,28,29,30],""warning"":""no non-empty token offset in this window""}]","[{""window_index"":2,""positions"":[21,22,23,24,25,26,27,28,29,30],""class_delta"":-0.038360267877578735,""abs_class_delta"":0.038360267877578735,""raw_delta"":0.06072652339935303,""abs_raw_delta"":0.06072652339935303,""evidence_direction"":""counter"",""evidence_rank_score"":0.5,""control_beat_rate"":1.0,""evidence_level"":""counter"",""mapping_status"":""approximate"",""mapping_precision"":""approximate_proportional_token_position_to_measured_video_time"",""time_start_seconds"":10.094533980582526,""time_end_seconds"":14.914446601941748,""token_positions"":[21,22,23,24,25,26,27,28,29,30],""warning"":""No original token-level timestamps were provided; audio times are proportional estimates.""}]","[{""window_index"":2,""positions"":[21,22,23,24,25,26,27,28,29,30],""class_delta"":-0.026340961456298828,""abs_class_delta"":0.026340961456298828,""raw_delta"":0.059598907828330994,""abs_raw_delta"":0.059598907828330994,""evidence_direction"":""counter"",""evidence_rank_score"":0.5,""control_beat_rate"":1.0,""evidence_level"":""counter"",""mapping_status"":""approximate"",""mapping_precision"":""approximate_proportional_token_position_to_measured_video_time_and_frame"",""time_start_seconds"":10.094533980582526,""time_end_seconds"":14.914446601941748,""frame_start_est"":308,""frame_end_est"":442,""token_positions"":[21,22,23,24,25,26,27,28,29,30],""warning"":""No original token-level timestamps were provided; visual frames are proportional estimates.""}]",
20,Positive,1.0507713556289673,1.0507713556289673,text,text,text,0.45274022221565247,0.1919257640838623,0.3553340435028076,0.6353583931922913,-0.21195296943187714,0.5031201839447021,0.8540406823158264,-0.4454796314239502,0.6638143062591553,0.4704854488372803,0.15695202350616455,0.3725625276565552,0.43499499559402466,0.22689950466156006,0.33810555934906006,"[{""window_index"":1,""positions"":[11,12,13,14,15,16,17,18,19,20],""class_delta"":0.13188748061656952,""abs_class_delta"":0.13188748061656952,""raw_delta"":0.2858980894088745,""abs_raw_delta"":0.2858980894088745,""evidence_direction"":""support"",""evidence_rank_score"":1.0,""control_beat_rate"":1.0,""evidence_level"":""high"",""mapping_status"":""exact"",""mapping_precision"":""exact_character_offsets_from_official_tokenizer"",""text_char_start"":40,""text_char_end"":82,""text_snippet"":""description of this video for more, and we"",""token_positions"":[11,12,13,14,15,16,17,18,19,20],""warning"":""""},{""window_index"":4,""positions"":[41,42,43],""class_delta"":0.033784419298172,""abs_class_delta"":0.033784419298172,""raw_delta"":0.10421597957611084,""abs_raw_delta"":0.10421597957611084,""evidence_direction"":""support"",""evidence_rank_score"":0.625,""control_beat_rate"":0.5,""evidence_level"":""medium"",""mapping_status"":""unavailable"",""mapping_precision"":""none"",""text_char_start"":null,""text_char_end"":null,""text_snippet"":"""",""token_positions"":[41,42,43],""warning"":""no non-empty token offset in this window""}]","[{""window_index"":2,""positions"":[21,22,23,24,25,26,27,28,29,30],""class_delta"":0.006799295544624329,""abs_class_delta"":0.006799295544624329,""raw_delta"":0.013872146606445312,""abs_raw_delta"":0.013872146606445312,""evidence_direction"":""support"",""evidence_rank_score"":1.0,""control_beat_rate"":0.5,""evidence_level"":""medium"",""mapping_status"":""approximate"",""mapping_precision"":""approximate_proportional_token_position_to_measured_video_time"",""time_start_seconds"":9.056168604651162,""time_end_seconds"":14.511691860465115,""token_positions"":[21,22,23,24,25,26,27,28,29,30],""warning"":""No original token-level timestamps were provided; audio times are proportional estimates.""}]","[{""window_index"":1,""positions"":[11,12,13,14,15,16,17,18,19,20],""class_delta"":0.02419745922088623,""abs_class_delta"":0.02419745922088623,""raw_delta"":0.05515336990356445,""abs_raw_delta"":0.05515336990356445,""evidence_direction"":""support"",""evidence_rank_score"":1.0,""control_beat_rate"":1.0,""evidence_level"":""high"",""mapping_status"":""approximate"",""mapping_precision"":""approximate_proportional_token_position_to_measured_video_time_and_frame"",""time_start_seconds"":4.364418604651163,""time_end_seconds"":9.056168604651162,""frame_start_est"":149,""frame_end_est"":270,""token_positions"":[11,12,13,14,15,16,17,18,19,20],""warning"":""No original token-level timestamps were provided; visual frames are proportional estimates.""},{""window_index"":2,""positions"":[21,22,23,24,25,26,27,28,29,30],""class_delta"":0.012336790561676025,""abs_class_delta"":0.012336790561676025,""raw_delta"":0.01387321949005127,""abs_raw_delta"":0.01387321949005127,""evidence_direction"":""support"",""evidence_rank_score"":0.75,""control_beat_rate"":0.0,""evidence_level"":""medium"",""mapping_status"":""approximate"",""mapping_precision"":""approximate_proportional_token_position_to_measured_video_time_and_frame"",""time_start_seconds"":9.056168604651162,""time_end_seconds"":14.511691860465115,""frame_start_est"":275,""frame_end_est"":427,""token_positions"":[21,22,23,24,25,26,27,28,29,30],""warning"":""No original token-level timestamps were provided; visual frames are proportional estimates.""}]","[{""window_index"":0,""positions"":[1,2,3,4,5,6,7,8,9,10],""class_delta"":-0.06715219467878342,""abs_class_delta"":0.06715219467878342,""raw_delta"":-0.13746166229248047,""abs_raw_delta"":0.13746166229248047,""evidence_direction"":""counter"",""evidence_rank_score"":0.0,""control_beat_rate"":0.5,""evidence_level"":""counter"",""mapping_status"":""exact"",""mapping_precision"":""exact_character_offsets_from_official_tokenizer"",""text_char_start"":0,""text_char_end"":39,""text_snippet"":""And of course, click in the link of the"",""token_positions"":[1,2,3,4,5,6,7,8,9,10],""warning"":""""}]","[{""window_index"":0,""positions"":[1,2,3,4,5,6,7,8,9,10],""class_delta"":-0.009222805500030518,""abs_class_delta"":0.009222805500030518,""raw_delta"":-0.042916178703308105,""abs_raw_delta"":0.042916178703308105,""evidence_direction"":""counter"",""evidence_rank_score"":0.0,""control_beat_rate"":1.0,""evidence_level"":""counter"",""mapping_status"":""approximate"",""mapping_precision"":""approximate_proportional_token_position_to_measured_video_time"",""time_start_seconds"":0.0,""time_end_seconds"":4.2553081395348835,""token_positions"":[1,2,3,4,5,6,7,8,9,10],""warning"":""No original token-level timestamps were provided; audio times are proportional estimates.""}]","[{""window_index"":3,""positions"":[31,32,33,34,35,36,37,38,39,40],""class_delta"":-0.009668022394180298,""abs_class_delta"":0.009668022394180298,""raw_delta"":-0.056870222091674805,""abs_raw_delta"":0.056870222091674805,""evidence_direction"":""counter"",""evidence_rank_score"":0.0,""control_beat_rate"":0.5,""evidence_level"":""counter"",""mapping_status"":""approximate"",""mapping_precision"":""approximate_proportional_token_position_to_measured_video_time_and_frame"",""time_start_seconds"":14.620802325581394,""time_end_seconds"":17.566784883720928,""frame_start_est"":440,""frame_end_est"":522,""token_positions"":[31,32,33,34,35,36,37,38,39,40],""warning"":""No original token-level timestamps were provided; visual frames are proportional estimates.""}]",
