sample_id,video_id,phrase_index,endpoint,text,asr_s,current_s,git_s,current_abs_difference_s,git_abs_difference_s
-3g5yACwYnA$_$13,-3g5yACwYnA,0,start,They've been able ,1.18,0.0,0.4000000059604645,1.18,0.7799999940395355
-3g5yACwYnA$_$13,-3g5yACwYnA,0,end,They've been able ,1.9,0.6399999856948853,1.4500000476837158,1.2600000143051147,0.4499999523162841
-3g5yACwYnA$_$13,-3g5yACwYnA,1,start,to find solutions or at least bring some ,1.9,1.1200000047683716,1.4500000476837158,0.7799999952316283,0.4499999523162841
-3g5yACwYnA$_$13,-3g5yACwYnA,1,end,to find solutions or at least bring some ,4.0,4.010000228881836,4.199999809265137,0.010000228881835938,0.19999980926513672
-3g5yACwYnA$_$13,-3g5yACwYnA,2,start,answers to the table.,4.0,4.010000228881836,4.199999809265137,0.010000228881835938,0.19999980926513672
-3g5yACwYnA$_$13,-3g5yACwYnA,2,end,answers to the table.,4.82,4.869999885559082,5.349999904632568,0.04999988555908175,0.5299999046325681
-3g5yACwYnA$_$2,-3g5yACwYnA,2,start,our operation that we don't have internally.,5.4,4.75,3.9000000953674316,0.6500000000000004,1.4999999046325687
-3g5yACwYnA$_$2,-3g5yACwYnA,2,end,our operation that we don't have internally.,7.66,7.679999828338623,9.149999618530273,0.019999828338622905,1.4899996185302733
-3g5yACwYnA$_$3,-3g5yACwYnA,0,start,We're a huge user ,0.0,0.5099999904632568,0.3499999940395355,0.5099999904632568,0.3499999940395355
-3g5yACwYnA$_$3,-3g5yACwYnA,0,end,We're a huge user ,2.9,1.6799999475479126,1.75,1.2200000524520873,1.15
-3g5yACwYnA$_$3,-3g5yACwYnA,1,start,of adhesives ,2.9,2.1700000762939453,1.75,0.7299999237060546,1.15
-3g5yACwYnA$_$3,-3g5yACwYnA,1,end,of adhesives ,3.6,3.6600000858306885,2.4000000953674316,0.06000008583068839,1.1999999046325684
-3g5yACwYnA$_$3,-3g5yACwYnA,2,start,"for our operation, ",3.6,4.230000019073486,2.4000000953674316,0.6300000190734862,1.1999999046325684
-3g5yACwYnA$_$3,-3g5yACwYnA,2,end,"for our operation, ",5.2,5.269999980926514,4.199999809265137,0.0699999809265135,1.0000001907348635
-3g5yACwYnA$_$3,-3g5yACwYnA,3,start,"called flocking, ",5.2,5.630000114440918,4.199999809265137,0.4300001144409178,1.0000001907348635
-3g5yACwYnA$_$3,-3g5yACwYnA,3,end,"called flocking, ",6.18,6.289999961853027,5.449999809265137,0.10999996185302763,0.730000190734863
-3g5yACwYnA$_$3,-3g5yACwYnA,4,start,and we don't have the technical inside ,6.18,6.409999847412109,5.449999809265137,0.22999984741210966,0.730000190734863
-3g5yACwYnA$_$3,-3g5yACwYnA,4,end,and we don't have the technical inside ,8.66,8.770000457763672,8.449999809265137,0.11000045776367173,0.21000019073486342
-3g5yACwYnA$_$3,-3g5yACwYnA,5,start,compounding or the technical expertise to do these ,8.96,9.369999885559082,8.449999809265137,0.4099998855590812,0.5100001907348641
-3g5yACwYnA$_$3,-3g5yACwYnA,5,end,compounding or the technical expertise to do these ,11.74,11.710000038146973,13.149999618530273,0.029999961853027557,1.4099996185302732
-3g5yACwYnA$_$3,-3g5yACwYnA,6,start,types of things.,11.74,11.710000038146973,13.149999618530273,0.029999961853027557,1.4099996185302732
-3g5yACwYnA$_$3,-3g5yACwYnA,6,end,types of things.,12.46,12.34000015258789,14.25,0.11999984741211023,1.7899999999999991
-3g5yACwYnA$_$9,-3g5yACwYnA,0,start,We have many new opportunities through ,0.34,0.6100000143051147,0.15000000596046448,0.2700000143051147,0.18999999403953555
-3g5yACwYnA$_$9,-3g5yACwYnA,0,end,We have many new opportunities through ,3.02,2.8399999141693115,2.8499999046325684,0.1800000858306885,0.17000009536743166
-3g5yACwYnA$_$9,-3g5yACwYnA,1,start,"the way things have changed through the years, ",3.02,3.359999895095825,2.8499999046325684,0.3399998950958252,0.17000009536743166
-3g5yACwYnA$_$9,-3g5yACwYnA,1,end,"the way things have changed through the years, ",5.22,4.980000019073486,5.449999809265137,0.23999998092651342,0.22999980926513697
-3g5yACwYnA$_$9,-3g5yACwYnA,2,start,"looking for new niche high-end, ",5.46,5.429999828338623,5.449999809265137,0.030000171661376918,0.010000190734863246
-3g5yACwYnA$_$9,-3g5yACwYnA,2,end,"looking for new niche high-end, ",7.08,7.039999961853027,7.25,0.04000003814697273,0.16999999999999993
-3g5yACwYnA$_$9,-3g5yACwYnA,3,start,value-added products.,7.08,7.039999961853027,7.25,0.04000003814697273,0.16999999999999993
-3g5yACwYnA$_$9,-3g5yACwYnA,3,end,value-added products.,8.0,8.140000343322754,8.449999809265137,0.1400003433227539,0.4499998092651367
-3nNcZdcdvU$_$5,-3nNcZdcdvU,0,start,Noncompliance can result in legal liability ,0.0,0.47999998927116394,0.0,0.47999998927116394,0.0
-3nNcZdcdvU$_$5,-3nNcZdcdvU,0,end,Noncompliance can result in legal liability ,3.66,4.510000228881836,2.799999952316284,0.8500002288818358,0.860000047683716
-3nNcZdcdvU$_$5,-3nNcZdcdvU,1,start,to you and to the school district in ,3.66,4.510000228881836,2.799999952316284,0.8500002288818358,0.860000047683716
-3nNcZdcdvU$_$5,-3nNcZdcdvU,1,end,to you and to the school district in ,6.3,6.239999771118164,5.75,0.06000022888183576,0.5499999999999998
-3nNcZdcdvU$_$5,-3nNcZdcdvU,2,start,which you are employed.,6.3,6.239999771118164,5.75,0.06000022888183576,0.5499999999999998
-3nNcZdcdvU$_$5,-3nNcZdcdvU,2,end,which you are employed.,7.16,7.190000057220459,7.400000095367432,0.030000057220458842,0.2400000953674315
-571d8cVauQ$_$0,-571d8cVauQ,1,start,White Caspian Studios on behalf of Expert Village.,2.04,1.909999966621399,1.75,0.1300000333786011,0.29000000000000004
-571d8cVauQ$_$0,-571d8cVauQ,1,end,White Caspian Studios on behalf of Expert Village.,4.42,4.489999771118164,4.449999809265137,0.06999977111816413,0.02999980926513679
-571d8cVauQ$_$5,-571d8cVauQ,0,start,So very important to go out ,0.0,0.5199999809265137,0.0,0.5199999809265137,0.0
-571d8cVauQ$_$5,-571d8cVauQ,0,end,So very important to go out ,2.18,2.0799999237060547,1.5499999523162842,0.10000007629394547,0.630000047683716
-571d8cVauQ$_$5,-571d8cVauQ,1,start,"to the locations, ",2.18,2.5,1.5499999523162842,0.31999999999999984,0.630000047683716
-571d8cVauQ$_$5,-571d8cVauQ,1,end,"to the locations, ",3.38,3.4600000381469727,2.950000047683716,0.08000003814697276,0.4299999523162841
-571d8cVauQ$_$5,-571d8cVauQ,2,start,"walk around, ",4.02,3.6600000858306885,2.950000047683716,0.3599999141693111,1.0699999523162838
-571d8cVauQ$_$5,-571d8cVauQ,2,end,"walk around, ",4.5,4.510000228881836,3.75,0.010000228881835938,0.75
-571d8cVauQ$_$5,-571d8cVauQ,3,start,"talk with the owners if you can, ",4.86,4.699999809265137,3.75,0.1600001907348636,1.1100000000000003
-571d8cVauQ$_$5,-571d8cVauQ,3,end,"talk with the owners if you can, ",6.2,6.179999828338623,5.949999809265137,0.02000017166137713,0.25000019073486346
-571d8cVauQ$_$5,-571d8cVauQ,4,start,"tell them what you're doing, ",6.62,6.5,5.949999809265137,0.1200000000000001,0.6700001907348634
-571d8cVauQ$_$5,-571d8cVauQ,4,end,"tell them what you're doing, ",7.4,7.440000057220459,7.900000095367432,0.04000005722045863,0.5000000953674313
-571d8cVauQ$_$5,-571d8cVauQ,5,start,"build a little excitement, ",7.86,7.670000076293945,7.900000095367432,0.189999923706055,0.04000009536743132
-571d8cVauQ$_$5,-571d8cVauQ,5,end,"build a little excitement, ",8.74,8.880000114440918,9.699999809265137,0.14000011444091776,0.9599998092651365
-571d8cVauQ$_$5,-571d8cVauQ,6,start,put a little glitz on there ,9.46,9.40999984741211,9.699999809265137,0.05000015258789148,0.23999980926513587
-571d8cVauQ$_$5,-571d8cVauQ,6,end,put a little glitz on there ,10.74,10.729999542236328,11.850000381469727,0.010000457763672088,1.1100003814697263
-571d8cVauQ$_$5,-571d8cVauQ,8,start,this is a very valuable spot.,12.32,12.729999542236328,13.25,0.40999954223632784,0.9299999999999997
-571d8cVauQ$_$5,-571d8cVauQ,8,end,this is a very valuable spot.,14.54,15.115,14.800000190734863,0.5750000000000011,0.26000019073486413
-6rXp3zJ3kc$_$8,-6rXp3zJ3kc,0,start,Many people are not until they get to ,0.54,0.4699999988079071,0.0,0.07000000119209293,0.54
-6rXp3zJ3kc$_$8,-6rXp3zJ3kc,0,end,Many people are not until they get to ,2.42,2.3399999141693115,3.25,0.0800000858306884,0.8300000000000001
-6rXp3zJ3kc$_$8,-6rXp3zJ3kc,1,start,be a ,2.42,2.3399999141693115,3.25,0.0800000858306884,0.8300000000000001
-6rXp3zJ3kc$_$8,-6rXp3zJ3kc,1,end,be a ,2.72,2.7300000190734863,3.5999999046325684,0.010000019073486133,0.8799999046325682
-6rXp3zJ3kc$_$8,-6rXp3zJ3kc,3,start,wasted a lot of time and money in ,5.94,5.869999885559082,6.550000190734863,0.07000011444091836,0.6100001907348629
-6rXp3zJ3kc$_$8,-6rXp3zJ3kc,3,end,wasted a lot of time and money in ,8.7,7.619999885559082,9.050000190734863,1.0800001144409173,0.350000190734864
-6rXp3zJ3kc$_$8,-6rXp3zJ3kc,4,start,placing bets on stock ,8.7,8.170000076293945,9.050000190734863,0.529999923706054,0.350000190734864
-6rXp3zJ3kc$_$8,-6rXp3zJ3kc,4,end,placing bets on stock ,10.46,10.100000381469727,10.649999618530273,0.3599996185302743,0.18999961853027258
-6rXp3zJ3kc$_$8,-6rXp3zJ3kc,5,start,that's ultimately lost value.,10.46,10.510000228881836,10.649999618530273,0.050000228881835085,0.18999961853027258
-6rXp3zJ3kc$_$8,-6rXp3zJ3kc,5,end,that's ultimately lost value.,12.2,12.1899995803833,12.300000190734863,0.010000419616698508,0.10000019073486399
-9y-fZ3swSY$_$0,-9y-fZ3swSY,1,start,"you can say, ",0.0,0.1899999976158142,0.20000000298023224,0.1899999976158142,0.20000000298023224
-9y-fZ3swSY$_$0,-9y-fZ3swSY,1,end,"you can say, ",0.66,0.6700000166893005,0.800000011920929,0.010000016689300506,0.14000001192092892
-9y-fZ3swSY$_$0,-9y-fZ3swSY,2,start,hey ,0.66,0.6700000166893005,0.800000011920929,0.010000016689300506,0.14000001192092892
-9y-fZ3swSY$_$0,-9y-fZ3swSY,2,end,hey ,1.5,1.1799999475479126,1.0,0.3200000524520874,0.5
-9y-fZ3swSY$_$0,-9y-fZ3swSY,5,start,they don’t have any hair on their face,4.6,4.639999866485596,4.25,0.03999986648559606,0.34999999999999964
-9y-fZ3swSY$_$0,-9y-fZ3swSY,5,end,they don’t have any hair on their face,6.24,6.269999980926514,6.699999809265137,0.02999998092651346,0.4599998092651365
-9y-fZ3swSY$_$8,-9y-fZ3swSY,0,start,That’s a more decent and more polite way ,0.0,0.5199999809265137,0.15000000596046448,0.5199999809265137,0.15000000596046448
-9y-fZ3swSY$_$8,-9y-fZ3swSY,0,end,That’s a more decent and more polite way ,3.18,3.140000104904175,3.5999999046325684,0.039999895095825355,0.4199999046325682
-9y-fZ3swSY$_$8,-9y-fZ3swSY,1,start,to call a lady,3.18,3.2100000381469727,3.5999999046325684,0.030000038146972496,0.4199999046325682
-9y-fZ3swSY$_$8,-9y-fZ3swSY,1,end,to call a lady,4.38,4.449999809265137,4.900000095367432,0.06999980926513683,0.5200000953674317
-AUZQgSxyPQ$_$2,-AUZQgSxyPQ,1,start,"Spot Therapy Brush, ",2.58,3.0299999713897705,3.5,0.44999997138977044,0.9199999999999999
-AUZQgSxyPQ$_$2,-AUZQgSxyPQ,1,end,"Spot Therapy Brush, ",4.5,4.239999771118164,5.150000095367432,0.26000022888183594,0.6500000953674316
-AUZQgSxyPQ$_$2,-AUZQgSxyPQ,2,start,"this gentle, ",5.08,4.949999809265137,5.150000095367432,0.13000019073486335,0.07000009536743157
-AUZQgSxyPQ$_$2,-AUZQgSxyPQ,2,end,"this gentle, ",5.6,5.550000190734863,6.550000190734863,0.049999809265136363,0.9500001907348636
-AUZQgSxyPQ$_$2,-AUZQgSxyPQ,3,start,Ph balanced and hydrating exfoliant ,5.6,5.550000190734863,6.550000190734863,0.049999809265136363,0.9500001907348636
-AUZQgSxyPQ$_$2,-AUZQgSxyPQ,3,end,Ph balanced and hydrating exfoliant ,8.32,8.25,9.449999809265137,0.07000000000000028,1.1299998092651364
-AUZQgSxyPQ$_$2,-AUZQgSxyPQ,7,start,"deliver intense healing, ",15.88,15.9399995803833,15.600000381469727,0.0599995803833,0.2799996185302742
-AUZQgSxyPQ$_$2,-AUZQgSxyPQ,7,end,"deliver intense healing, ",17.42,17.299999237060547,17.299999237060547,0.12000076293945483,0.12000076293945483
-AUZQgSxyPQ$_$2,-AUZQgSxyPQ,8,start,while smooth granules buff away ,17.86,17.809999465942383,17.299999237060547,0.05000053405761662,0.5600007629394526
-AUZQgSxyPQ$_$2,-AUZQgSxyPQ,8,end,while smooth granules buff away ,19.8,19.729999542236328,20.049999237060547,0.07000045776367259,0.24999923706054616
-AUZQgSxyPQ$_$2,-AUZQgSxyPQ,9,start,"dead, ",19.8,20.1200008392334,20.049999237060547,0.3200008392333977,0.24999923706054616
-AUZQgSxyPQ$_$2,-AUZQgSxyPQ,9,end,"dead, ",20.4,20.389999389648438,20.450000762939453,0.010000610351561079,0.050000762939454546
-AUZQgSxyPQ$_$2,-AUZQgSxyPQ,10,start,dry skin cells.,20.4,20.700000762939453,20.450000762939453,0.30000076293945455,0.050000762939454546
-AUZQgSxyPQ$_$2,-AUZQgSxyPQ,10,end,dry skin cells.,21.74,22.404563,22.200000762939453,0.6645630000000011,0.4600007629394547
-HeZS2-Prhc$_$2,-HeZS2-Prhc,0,start,The ,1.64,0.0,0.10000000149011612,1.64,1.5399999985098838
-HeZS2-Prhc$_$2,-HeZS2-Prhc,0,end,The ,1.88,0.5299999713897705,0.550000011920929,1.3500000286102294,1.329999988079071
-HeZS2-Prhc$_$2,-HeZS2-Prhc,1,start,August jobs report is out and it was ,1.88,1.2200000286102295,0.550000011920929,0.6599999713897704,1.329999988079071
-HeZS2-Prhc$_$2,-HeZS2-Prhc,1,end,August jobs report is out and it was ,4.44,4.429999828338623,4.449999809265137,0.010000171661377344,0.009999809265136328
-HeZS2-Prhc$_$2,-HeZS2-Prhc,2,start,seen overall as solid but not great.,4.44,4.429999828338623,4.449999809265137,0.010000171661377344,0.009999809265136328
-HeZS2-Prhc$_$2,-HeZS2-Prhc,2,end,seen overall as solid but not great.,7.64,7.630000114440918,8.100000381469727,0.009999885559081712,0.4600003814697269
-HwX2H8Z4hY$_$2,-HwX2H8Z4hY,1,start,Look at the record,2.6,2.6700000762939453,1.850000023841858,0.07000007629394522,0.7499999761581422
-HwX2H8Z4hY$_$2,-HwX2H8Z4hY,1,end,Look at the record,3.32,3.359999895095825,3.450000047683716,0.039999895095825355,0.13000004768371598
-HwX2H8Z4hY$_$5,-HwX2H8Z4hY,0,start,""" President Ronald Reagan blamed the professional bureaucracy of ",0.0,0.75,0.4000000059604645,0.75,0.4000000059604645
-HwX2H8Z4hY$_$5,-HwX2H8Z4hY,0,end,""" President Ronald Reagan blamed the professional bureaucracy of ",4.42,4.389999866485596,4.449999809265137,0.030000133514404226,0.02999980926513679
-HwX2H8Z4hY$_$5,-HwX2H8Z4hY,1,start,education,4.42,4.389999866485596,4.449999809265137,0.030000133514404226,0.02999980926513679
-HwX2H8Z4hY$_$5,-HwX2H8Z4hY,1,end,education,4.94,5.544,5.150000095367432,0.6039999999999992,0.21000009536743125
-HwX2H8Z4hY$_$6,-HwX2H8Z4hY,0,start,"And in part, ",0.0,0.0,0.0,0.0,0.0
-HwX2H8Z4hY$_$6,-HwX2H8Z4hY,0,end,"And in part, ",1.24,1.1699999570846558,1.399999976158142,0.07000004291534423,0.1599999761581421
-HwX2H8Z4hY$_$6,-HwX2H8Z4hY,1,start,Al Shanker did too,1.56,1.4500000476837158,1.399999976158142,0.10999995231628423,0.16000002384185796
-HwX2H8Z4hY$_$6,-HwX2H8Z4hY,1,end,Al Shanker did too,2.74,2.7899999618530273,2.8499999046325684,0.04999996185302713,0.10999990463256815
-HwX2H8Z4hY$_$9,-HwX2H8Z4hY,0,start,It is a word which the administrator uses ,0.0,0.5099999904632568,0.0,0.5099999904632568,0.0
-HwX2H8Z4hY$_$9,-HwX2H8Z4hY,0,end,It is a word which the administrator uses ,4.2,4.28000020980835,2.5,0.08000020980834943,1.7000000000000002
-HwX2H8Z4hY$_$9,-HwX2H8Z4hY,1,start,when he turns around anything which he doesn't ,4.2,4.28000020980835,2.5,0.08000020980834943,1.7000000000000002
-HwX2H8Z4hY$_$9,-HwX2H8Z4hY,1,end,when he turns around anything which he doesn't ,6.0,6.019999980926514,5.300000190734863,0.019999980926513672,0.6999998092651367
-I_e4mIh0yE$_$1,-I_e4mIh0yE,0,start,In the United States we don't punish failure ,0.0,0.5099999904632568,0.0,0.5099999904632568,0.0
-I_e4mIh0yE$_$1,-I_e4mIh0yE,0,end,In the United States we don't punish failure ,3.08,3.140000104904175,3.0999999046325684,0.060000104904174734,0.01999990463256829
-I_e4mIh0yE$_$1,-I_e4mIh0yE,1,start,to the degree to which failure is punished ,3.08,3.569999933242798,3.0999999046325684,0.4899999332427978,0.01999990463256829
-I_e4mIh0yE$_$1,-I_e4mIh0yE,1,end,to the degree to which failure is punished ,5.92,5.980000019073486,6.300000190734863,0.0600000190734864,0.38000019073486335
-I_e4mIh0yE$_$1,-I_e4mIh0yE,2,start,in Europe.,5.92,6.130000114440918,6.300000190734863,0.21000011444091804,0.38000019073486335
-I_e4mIh0yE$_$1,-I_e4mIh0yE,2,end,in Europe.,6.78,6.960000038146973,7.0,0.1800000381469724,0.21999999999999975
-I_e4mIh0yE$_$3,-I_e4mIh0yE,1,start,over the course of ,4.9,3.319999933242798,4.0,1.5800000667572025,0.9000000000000004
-I_e4mIh0yE$_$3,-I_e4mIh0yE,1,end,over the course of ,6.04,4.489999771118164,5.599999904632568,1.550000228881836,0.4400000953674317
-I_e4mIh0yE$_$3,-I_e4mIh0yE,3,start,and that you won't make the mistake twice.,6.44,6.449999809265137,6.449999809265137,0.009999809265136328,0.009999809265136328
-I_e4mIh0yE$_$3,-I_e4mIh0yE,3,end,and that you won't make the mistake twice.,8.44,8.470000267028809,8.970000267028809,0.03000026702880909,0.5300002670288091
-MeTTeMJBNc$_$0,-MeTTeMJBNc,0,start,"Okay, ",0.0,0.9399999976158142,0.4000000059604645,0.9399999976158142,0.4000000059604645
-MeTTeMJBNc$_$0,-MeTTeMJBNc,0,end,"Okay, ",1.22,1.2699999809265137,0.8999999761581421,0.0499999809265137,0.3200000238418579
-MeTTeMJBNc$_$0,-MeTTeMJBNc,1,start,what happens at this point after we've taken ,1.4,1.2699999809265137,0.8999999761581421,0.13000001907348624,0.5000000238418578
-MeTTeMJBNc$_$0,-MeTTeMJBNc,1,end,what happens at this point after we've taken ,3.96,4.039999961853027,3.950000047683716,0.07999996185302738,0.009999952316284144
-MeTTeMJBNc$_$0,-MeTTeMJBNc,2,start,"this brief walk down memory lane, ",3.96,4.039999961853027,3.950000047683716,0.07999996185302738,0.009999952316284144
-MeTTeMJBNc$_$0,-MeTTeMJBNc,2,end,"this brief walk down memory lane, ",6.34,6.420000076293945,6.199999809265137,0.08000007629394545,0.14000019073486314
-MeTTeMJBNc$_$0,-MeTTeMJBNc,3,start,is the presentation of the gift.,6.34,6.769999980926514,6.199999809265137,0.4299999809265138,0.14000019073486314
-MeTTeMJBNc$_$0,-MeTTeMJBNc,3,end,is the presentation of the gift.,8.68,8.739999771118164,8.699999809265137,0.05999977111816435,0.019999809265137003
-MeTTeMJBNc$_$13,-MeTTeMJBNc,0,start,It ,0.0,0.0,0.15000000596046448,0.0,0.15000000596046448
-MeTTeMJBNc$_$13,-MeTTeMJBNc,0,end,It ,0.22,0.5699999928474426,0.4000000059604645,0.34999999284744265,0.18000000596046448
-MeTTeMJBNc$_$13,-MeTTeMJBNc,1,start,"just needs to be a simple statement, ",1.32,1.0199999809265137,0.4000000059604645,0.3000000190734864,0.9199999940395356
-MeTTeMJBNc$_$13,-MeTTeMJBNc,1,end,"just needs to be a simple statement, ",3.12,3.2300000190734863,3.049999952316284,0.11000001907348622,0.07000004768371593
-MeTTeMJBNc$_$13,-MeTTeMJBNc,2,start,and then you present the gift.,3.12,3.549999952316284,3.049999952316284,0.4299999523162841,0.07000004768371593
-MeTTeMJBNc$_$13,-MeTTeMJBNc,2,end,and then you present the gift.,4.88,4.71999979019165,4.900000095367432,0.1600002098083495,0.020000095367431747
-MeTTeMJBNc$_$7,-MeTTeMJBNc,0,start,Maybe you could find a picture of the ,0.0,0.49000000953674316,0.05000000074505806,0.49000000953674316,0.05000000074505806
-MeTTeMJBNc$_$7,-MeTTeMJBNc,0,end,Maybe you could find a picture of the ,2.66,2.619999885559082,2.25,0.04000011444091811,0.41000000000000014
-MeTTeMJBNc$_$7,-MeTTeMJBNc,1,start,couple from their wedding or sometime in their ,2.66,2.619999885559082,2.25,0.04000011444091811,0.41000000000000014
-MeTTeMJBNc$_$7,-MeTTeMJBNc,1,end,couple from their wedding or sometime in their ,5.64,5.610000133514404,5.400000095367432,0.029999866485595383,0.23999990463256804
-MeTTeMJBNc$_$7,-MeTTeMJBNc,2,start,"life, ",5.64,5.610000133514404,5.400000095367432,0.029999866485595383,0.23999990463256804
-MeTTeMJBNc$_$7,-MeTTeMJBNc,2,end,"life, ",6.08,6.139999866485596,5.699999809265137,0.05999986648559563,0.38000019073486335
-MeTTeMJBNc$_$7,-MeTTeMJBNc,3,start,or maybe even a current picture and have ,6.08,6.139999866485596,5.699999809265137,0.05999986648559563,0.38000019073486335
-MeTTeMJBNc$_$7,-MeTTeMJBNc,3,end,or maybe even a current picture and have ,8.46,8.4399995803833,8.300000190734863,0.02000041961670007,0.15999980926513757
-MeTTeMJBNc$_$7,-MeTTeMJBNc,4,start,it put in a beautiful frame.,8.46,8.4399995803833,8.300000190734863,0.02000041961670007,0.15999980926513757
-MeTTeMJBNc$_$7,-MeTTeMJBNc,4,end,it put in a beautiful frame.,9.78,9.869999885559082,9.949999809265137,0.08999988555908267,0.16999980926513736
-RfYyzHpjk4$_$11,-RfYyzHpjk4,0,start,"So get your friends lined up, ",0.6799999999999993,0.6000000238418579,0.3499999940395355,0.07999997615814136,0.33000000596046375
-RfYyzHpjk4$_$11,-RfYyzHpjk4,0,end,"So get your friends lined up, ",2.38,2.390000104904175,2.049999952316284,0.010000104904174911,0.3300000476837157
-RfYyzHpjk4$_$11,-RfYyzHpjk4,1,start,get your business colleagues lined up and have ,2.52,2.390000104904175,2.049999952316284,0.1299998950958252,0.47000004768371584
-RfYyzHpjk4$_$11,-RfYyzHpjk4,1,end,get your business colleagues lined up and have ,4.04,4.039999961853027,4.150000095367432,3.814697269177714e-08,0.1100000953674316
-RfYyzHpjk4$_$11,-RfYyzHpjk4,2,start,a good time.,4.04,4.039999961853027,4.150000095367432,3.814697269177714e-08,0.1100000953674316
-RfYyzHpjk4$_$11,-RfYyzHpjk4,2,end,a good time.,4.6,4.539999961853027,5.0,0.0600000381469723,0.40000000000000036
-RfYyzHpjk4$_$2,-RfYyzHpjk4,0,start,You can make a conference call but it ,0.0,0.47999998927116394,0.25,0.47999998927116394,0.25
-RfYyzHpjk4$_$2,-RfYyzHpjk4,0,end,You can make a conference call but it ,1.8,1.75,1.899999976158142,0.050000000000000044,0.09999997615814205
-RfYyzHpjk4$_$2,-RfYyzHpjk4,1,start,"takes quite a bit of planning, ",1.8,1.75,1.899999976158142,0.050000000000000044,0.09999997615814205
-RfYyzHpjk4$_$2,-RfYyzHpjk4,1,end,"takes quite a bit of planning, ",2.8,2.8499999046325684,3.200000047683716,0.04999990463256854,0.400000047683716
-RfYyzHpjk4$_$2,-RfYyzHpjk4,2,start,well not a lot of planning it's pretty ,2.9,2.8499999046325684,3.200000047683716,0.05000009536743155,0.3000000476837159
-RfYyzHpjk4$_$2,-RfYyzHpjk4,2,end,well not a lot of planning it's pretty ,4.18,4.28000020980835,4.599999904632568,0.1000002098083499,0.41999990463256864
-RfYyzHpjk4$_$2,-RfYyzHpjk4,3,start,easy to do.,4.18,4.28000020980835,4.599999904632568,0.1000002098083499,0.41999990463256864
-RfYyzHpjk4$_$2,-RfYyzHpjk4,3,end,easy to do.,4.92,4.869999885559082,5.150000095367432,0.0500001144409179,0.2300000953674317
-RfYyzHpjk4$_$8,-RfYyzHpjk4,0,start,"It's pretty, ",0.0,0.0,0.3499999940395355,0.0,0.3499999940395355
-RfYyzHpjk4$_$8,-RfYyzHpjk4,0,end,"It's pretty, ",0.94,0.9700000286102295,1.0,0.030000028610229545,0.06000000000000005
-RfYyzHpjk4$_$8,-RfYyzHpjk4,2,start,set up those numbers ahead of time.,2.54,2.4200000762939453,2.549999952316284,0.11999992370605472,0.009999952316284144
-RfYyzHpjk4$_$8,-RfYyzHpjk4,2,end,set up those numbers ahead of time.,4.0,4.0,4.150000095367432,0.0,0.15000009536743164
-THoVjtIkeU$_$12,-THoVjtIkeU,1,start,we turn our attention to is what grows ,1.86,1.590000033378601,1.149999976158142,0.269999966621399,0.710000023841858
-THoVjtIkeU$_$12,-THoVjtIkeU,1,end,we turn our attention to is what grows ,3.92,3.9600000381469727,3.8499999046325684,0.04000003814697273,0.07000009536743157
-THoVjtIkeU$_$12,-THoVjtIkeU,2,start,and so if we believe that anything is ,3.92,4.340000152587891,3.8499999046325684,0.4200001525878907,0.07000009536743157
-THoVjtIkeU$_$12,-THoVjtIkeU,2,end,and so if we believe that anything is ,6.28,6.239999771118164,6.400000095367432,0.040000228881836186,0.12000009536743139
-THoVjtIkeU$_$12,-THoVjtIkeU,3,start,"possible, ",6.28,6.239999771118164,6.400000095367432,0.040000228881836186,0.12000009536743139
-THoVjtIkeU$_$12,-THoVjtIkeU,3,end,"possible, ",6.68,6.75,6.800000190734863,0.07000000000000028,0.12000019073486357
-THoVjtIkeU$_$12,-THoVjtIkeU,4,start,if we ,6.96,6.75,6.800000190734863,0.20999999999999996,0.15999980926513668
-THoVjtIkeU$_$12,-THoVjtIkeU,4,end,if we ,7.16,7.210000038146973,7.199999809265137,0.050000038146972514,0.03999980926513658
-THoVjtIkeU$_$12,-THoVjtIkeU,5,start,believe ,7.16,7.539999961853027,7.199999809265137,0.3799999618530272,0.03999980926513658
-THoVjtIkeU$_$12,-THoVjtIkeU,5,end,believe ,8.14,8.15999984741211,7.849999904632568,0.019999847412108807,0.2900000953674322
-THoVjtIkeU$_$12,-THoVjtIkeU,6,start,that ,8.14,8.529999732971191,7.849999904632568,0.38999973297119084,0.2900000953674322
-THoVjtIkeU$_$12,-THoVjtIkeU,6,end,that ,8.88,8.800000190734863,8.199999809265137,0.0799998092651375,0.6800001907348641
-THoVjtIkeU$_$12,-THoVjtIkeU,7,start,social justice can be achieved and if we ,8.88,9.380000114440918,8.199999809265137,0.5000001144409172,0.6800001907348641
-THoVjtIkeU$_$12,-THoVjtIkeU,7,end,social justice can be achieved and if we ,11.3,11.260000228881836,11.300000190734863,0.03999977111816477,1.9073486257070726e-07
-THoVjtIkeU$_$12,-THoVjtIkeU,8,start,"believe in youth, ",11.3,11.260000228881836,11.300000190734863,0.03999977111816477,1.9073486257070726e-07
-THoVjtIkeU$_$12,-THoVjtIkeU,8,end,"believe in youth, ",12.46,12.430000305175781,12.449999809265137,0.029999694824219603,0.010000190734864134
-THoVjtIkeU$_$12,-THoVjtIkeU,9,start,they will believe in themselves.,12.86,13.100000381469727,12.449999809265137,0.24000038146972713,0.4100001907348627
-THoVjtIkeU$_$12,-THoVjtIkeU,9,end,they will believe in themselves.,14.02,14.805,14.600000381469727,0.7850000000000001,0.580000381469727
-THoVjtIkeU$_$2,-THoVjtIkeU,0,start,I think ,0.0,0.0,0.0,0.0,0.0
-THoVjtIkeU$_$2,-THoVjtIkeU,0,end,I think ,0.52,0.49000000953674316,0.4000000059604645,0.029999990463256854,0.11999999403953554
-THoVjtIkeU$_$2,-THoVjtIkeU,1,start,social justice is extremely important for young people.,0.52,1.1299999952316284,0.4000000059604645,0.6099999952316284,0.11999999403953554
-THoVjtIkeU$_$2,-THoVjtIkeU,1,end,social justice is extremely important for young people.,3.66,3.7100000381469727,3.9000000953674316,0.050000038146972514,0.2400000953674315
-THoVjtIkeU$_$6,-THoVjtIkeU,1,start,"people, ",2.2,2.25,1.899999976158142,0.04999999999999982,0.3000000238418581
-THoVjtIkeU$_$6,-THoVjtIkeU,1,end,"people, ",2.58,2.609999895095825,2.25,0.029999895095825124,0.33000000000000007
-THoVjtIkeU$_$6,-THoVjtIkeU,2,start,taking in what they have to say because ,2.58,2.609999895095825,2.25,0.029999895095825124,0.33000000000000007
-THoVjtIkeU$_$6,-THoVjtIkeU,2,end,taking in what they have to say because ,4.46,4.489999771118164,4.400000095367432,0.029999771118164098,0.059999904632568324
-THoVjtIkeU$_$6,-THoVjtIkeU,4,start,is the power of youth.,6.34,6.440000057220459,6.5,0.10000005722045913,0.16000000000000014
-THoVjtIkeU$_$6,-THoVjtIkeU,4,end,is the power of youth.,7.54,7.489999771118164,7.5,0.05000022888183597,0.040000000000000036
-UUCSKoHeMA$_$0,-UUCSKoHeMA,0,start,I mentioned a word in the last clip ,1.6,1.190000057220459,0.15000000596046448,0.4099999427795411,1.4499999940395356
-UUCSKoHeMA$_$0,-UUCSKoHeMA,0,end,I mentioned a word in the last clip ,3.72,3.619999885559082,3.1500000953674316,0.10000011444091816,0.5699999046325686
-UUCSKoHeMA$_$0,-UUCSKoHeMA,1,start,"called 'monotone', ",3.72,3.7200000286102295,3.1500000953674316,2.8610229296788248e-08,0.5699999046325686
-UUCSKoHeMA$_$0,-UUCSKoHeMA,1,end,"called 'monotone', ",5.12,5.099999904632568,4.550000190734863,0.020000095367431747,0.5699998092651368
-UUCSKoHeMA$_$0,-UUCSKoHeMA,2,start,and I want to talk about that briefly.,5.2,5.429999828338623,4.550000190734863,0.22999982833862287,0.6499998092651369
-UUCSKoHeMA$_$0,-UUCSKoHeMA,2,end,and I want to talk about that briefly.,7.14,7.732,7.699999809265137,0.5920000000000005,0.559999809265137
-UacrmKiTn4$_$10,-UacrmKiTn4,0,start,"Because, ",0.0,0.0,0.0,0.0,0.0
-UacrmKiTn4$_$10,-UacrmKiTn4,0,end,"Because, ",0.74,0.36000001430511475,0.4000000059604645,0.37999998569488525,0.3399999940395355
-UacrmKiTn4$_$10,-UacrmKiTn4,1,start,if they are not ,0.74,0.36000001430511475,0.4000000059604645,0.37999998569488525,0.3399999940395355
-UacrmKiTn4$_$10,-UacrmKiTn4,1,end,if they are not ,1.72,1.659999966621399,1.649999976158142,0.06000003337860105,0.07000002384185788
-UacrmKiTn4$_$10,-UacrmKiTn4,2,start,in any way held accountable for reading the ,1.72,2.140000104904175,1.649999976158142,0.42000010490417483,0.07000002384185788
-UacrmKiTn4$_$10,-UacrmKiTn4,2,end,in any way held accountable for reading the ,4.7,4.650000095367432,5.099999904632568,0.04999990463256854,0.3999999046325682
-UacrmKiTn4$_$10,-UacrmKiTn4,3,start,material ,4.7,4.650000095367432,5.099999904632568,0.04999990463256854,0.3999999046325682
-UacrmKiTn4$_$10,-UacrmKiTn4,3,end,material ,5.28,5.420000076293945,5.849999904632568,0.14000007629394506,0.5699999046325681
-UacrmKiTn4$_$10,-UacrmKiTn4,4,start,they won't do it.,5.76,5.889999866485596,5.849999904632568,0.12999986648559592,0.08999990463256857
-UacrmKiTn4$_$10,-UacrmKiTn4,4,end,they won't do it.,6.8,6.710000038146973,6.900000095367432,0.08999996185302717,0.10000009536743182
-UacrmKiTn4$_$4,-UacrmKiTn4,0,start,Just given to their own devices they are ,0.0,0.49000000953674316,0.5,0.49000000953674316,0.5
-UacrmKiTn4$_$4,-UacrmKiTn4,0,end,Just given to their own devices they are ,2.44,2.430000066757202,2.8499999046325684,0.009999933242797798,0.4099999046325684
-UacrmKiTn4$_$4,-UacrmKiTn4,1,start,not going to read the textbook.,2.44,2.430000066757202,2.8499999046325684,0.009999933242797798,0.4099999046325684
-UacrmKiTn4$_$4,-UacrmKiTn4,1,end,not going to read the textbook.,4.02,4.179999828338623,4.650000095367432,0.15999982833862347,0.6300000953674321
-UuX1xuaiiE$_$0,-UuX1xuaiiE,0,start,^it's amazing to see their enthusiasm and their ,0.0,0.07000000029802322,0.05000000074505806,0.07000000029802322,0.05000000074505806
-UuX1xuaiiE$_$0,-UuX1xuaiiE,0,end,^it's amazing to see their enthusiasm and their ,2.56,2.5,2.9000000953674316,0.06000000000000005,0.3400000953674316
-UuX1xuaiiE$_$0,-UuX1xuaiiE,1,start,passion,2.56,2.5,2.9000000953674316,0.06000000000000005,0.3400000953674316
-UuX1xuaiiE$_$0,-UuX1xuaiiE,1,end,passion,3.0,3.575875,3.3499999046325684,0.5758749999999999,0.34999990463256836
-UuX1xuaiiE$_$1,-UuX1xuaiiE,0,start,^And all of them are really being ,0.0,0.5099999904632568,0.44999998807907104,0.5099999904632568,0.44999998807907104
-UuX1xuaiiE$_$1,-UuX1xuaiiE,0,end,^And all of them are really being ,1.86,2.0199999809265137,2.450000047683716,0.15999998092651357,0.5900000476837157
-UuX1xuaiiE$_$1,-UuX1xuaiiE,1,start,able to explore ^these ,1.86,2.490000009536743,2.450000047683716,0.6300000095367431,0.5900000476837157
-UuX1xuaiiE$_$1,-UuX1xuaiiE,1,end,able to explore ^these ,4.26,3.6700000762939453,4.199999809265137,0.5899999237060545,0.06000019073486307
-UuX1xuaiiE$_$1,-UuX1xuaiiE,2,start,different areas in depth ^in a way that ,4.26,4.53000020980835,4.199999809265137,0.2700002098083498,0.06000019073486307
-UuX1xuaiiE$_$1,-UuX1xuaiiE,2,end,different areas in depth ^in a way that ,7.18,7.210000038146973,6.800000190734863,0.03000003814697294,0.37999980926513643
-UuX1xuaiiE$_$1,-UuX1xuaiiE,3,start,really wasn't available ^before the center was here,7.18,7.269999980926514,6.800000190734863,0.08999998092651396,0.37999980926513643
-UuX1xuaiiE$_$1,-UuX1xuaiiE,3,end,really wasn't available ^before the center was here,9.74,10.267,10.149999618530273,0.5269999999999992,0.4099996185302732
-UuX1xuaiiE$_$3,-UuX1xuaiiE,0,start,My goal is to become ,0.0,0.5400000214576721,0.10000000149011612,0.5400000214576721,0.10000000149011612
-UuX1xuaiiE$_$3,-UuX1xuaiiE,0,end,My goal is to become ,2.12,2.1600000858306885,1.9500000476837158,0.04000008583068837,0.1699999523162843
-UuX1xuaiiE$_$3,-UuX1xuaiiE,1,start,a human rights lawyer,2.12,2.5799999237060547,1.9500000476837158,0.4599999237060546,0.1699999523162843
-UuX1xuaiiE$_$3,-UuX1xuaiiE,1,end,a human rights lawyer,3.58,3.680000066757202,3.700000047683716,0.10000006675720208,0.12000004768371575
-UuX1xuaiiE$_$6,-UuX1xuaiiE,0,start,I ended up going to work for the ,0.0,0.5299999713897705,0.15000000596046448,0.5299999713897705,0.15000000596046448
-UuX1xuaiiE$_$6,-UuX1xuaiiE,0,end,I ended up going to work for the ,1.98,2.049999952316284,2.0999999046325684,0.0699999523162842,0.11999990463256838
-UuX1xuaiiE$_$6,-UuX1xuaiiE,2,start,specializing in war crimes and human rights issues,4.1,4.960000038146973,4.599999904632568,0.860000038146973,0.4999999046325687
-UuX1xuaiiE$_$6,-UuX1xuaiiE,2,end,specializing in war crimes and human rights issues,7.34,7.943812,7.75,0.6038120000000005,0.41000000000000014
-a55Q6RWvTA$_$3,-a55Q6RWvTA,0,start,"And if you clip coupons, ",0.0,0.5099999904632568,0.10000000149011612,0.5099999904632568,0.10000000149011612
-a55Q6RWvTA$_$3,-a55Q6RWvTA,0,end,"And if you clip coupons, ",2.3,2.630000114440918,1.75,0.33000011444091815,0.5499999999999998
-a55Q6RWvTA$_$3,-a55Q6RWvTA,1,start,if you don't go out for dinner and ,2.72,2.630000114440918,1.75,0.08999988555908223,0.9700000000000002
-a55Q6RWvTA$_$3,-a55Q6RWvTA,1,end,if you don't go out for dinner and ,4.66,4.619999885559082,4.400000095367432,0.04000011444091811,0.2599999046325685
-a55Q6RWvTA$_$3,-a55Q6RWvTA,2,start,movies and things of that nature ,4.66,4.619999885559082,4.400000095367432,0.04000011444091811,0.2599999046325685
-a55Q6RWvTA$_$3,-a55Q6RWvTA,2,end,movies and things of that nature ,6.28,6.429999828338623,6.599999904632568,0.1499998283386228,0.3199999046325681
-a55Q6RWvTA$_$3,-a55Q6RWvTA,3,start,and try to take up things in life ,6.28,6.860000133514404,6.599999904632568,0.580000133514404,0.3199999046325681
-a55Q6RWvTA$_$3,-a55Q6RWvTA,3,end,and try to take up things in life ,8.76,8.869999885559082,8.800000190734863,0.10999988555908224,0.040000190734863494
-a55Q6RWvTA$_$3,-a55Q6RWvTA,4,start,"that, ",8.76,8.869999885559082,8.800000190734863,0.10999988555908224,0.040000190734863494
-a55Q6RWvTA$_$3,-a55Q6RWvTA,4,end,"that, ",9.1,9.029999732971191,9.100000381469727,0.07000026702880824,3.8146972691777137e-07
-a55Q6RWvTA$_$3,-a55Q6RWvTA,5,start,"well, ",9.1,9.029999732971191,9.100000381469727,0.07000026702880824,3.8146972691777137e-07
-a55Q6RWvTA$_$3,-a55Q6RWvTA,5,end,"well, ",9.3,9.359999656677246,9.399999618530273,0.05999965667724538,0.09999961853027273
-a55Q6RWvTA$_$3,-a55Q6RWvTA,6,start,"they always say, ""the best things in life ",9.3,9.359999656677246,9.399999618530273,0.05999965667724538,0.09999961853027273
-a55Q6RWvTA$_$3,-a55Q6RWvTA,6,end,"they always say, ""the best things in life ",11.18,11.229999542236328,11.699999809265137,0.04999954223632841,0.519999809265137
-a55Q6RWvTA$_$3,-a55Q6RWvTA,7,start,"are free"". ",11.18,11.229999542236328,11.699999809265137,0.04999954223632841,0.519999809265137
-a55Q6RWvTA$_$3,-a55Q6RWvTA,7,end,"are free"". ",12.1,11.850000381469727,12.300000190734863,0.24999961853027308,0.20000019073486364
-a55Q6RWvTA$_$3,-a55Q6RWvTA,8,start,"Reading a book, ",12.14,12.350000381469727,12.300000190734863,0.210000381469726,0.1600001907348627
-a55Q6RWvTA$_$3,-a55Q6RWvTA,8,end,"Reading a book, ",13.74,13.180000305175781,13.199999809265137,0.559999694824219,0.5400001907348635
-a55Q6RWvTA$_$3,-a55Q6RWvTA,9,start,"going for a nice walk, and, ",13.78,13.739999771118164,13.199999809265137,0.0400002288818353,0.5800001907348626
-a55Q6RWvTA$_$3,-a55Q6RWvTA,9,end,"going for a nice walk, and, ",15.66,15.600000381469727,15.25,0.05999961853027358,0.41000000000000014
-a55Q6RWvTA$_$3,-a55Q6RWvTA,10,start,"of course, ",15.66,15.600000381469727,15.25,0.05999961853027358,0.41000000000000014
-a55Q6RWvTA$_$3,-a55Q6RWvTA,10,end,"of course, ",15.92,15.920000076293945,15.899999618530273,7.629394538355427e-08,0.02000038146972649
-a55Q6RWvTA$_$3,-a55Q6RWvTA,11,start,combining exercise and various things of that nature ,15.92,15.920000076293945,15.899999618530273,7.629394538355427e-08,0.02000038146972649
-a55Q6RWvTA$_$3,-a55Q6RWvTA,11,end,combining exercise and various things of that nature ,18.5,18.639999389648438,19.399999618530273,0.1399993896484375,0.8999996185302734
-a55Q6RWvTA$_$3,-a55Q6RWvTA,12,start,where you're not spending money per se.,18.5,18.940000534057617,19.399999618530273,0.4400005340576172,0.8999996185302734
-a55Q6RWvTA$_$3,-a55Q6RWvTA,12,end,where you're not spending money per se.,21.52,21.450000762939453,21.75,0.06999923706054645,0.23000000000000043
-aNfi7CP8vM$_$7,-aNfi7CP8vM,0,start,"Maybe they have no political party affiliation, ",0.0,0.49,0.44999998807907104,0.49,0.44999998807907104
-aNfi7CP8vM$_$7,-aNfi7CP8vM,0,end,"Maybe they have no political party affiliation, ",3.76,3.95,3.0999999046325684,0.1900000000000004,0.6600000953674314
-aNfi7CP8vM$_$7,-aNfi7CP8vM,1,start,"they're not interested in politics, ",4.4,4.28,3.0999999046325684,0.1200000000000001,1.300000095367432
-aNfi7CP8vM$_$7,-aNfi7CP8vM,1,end,"they're not interested in politics, ",5.86,5.95,5.599999904632568,0.08999999999999986,0.26000009536743196
-aqamKhZ1Ec$_$0,-aqamKhZ1Ec,0,start,In ,0.0,0.4000000059604645,0.0,0.4000000059604645,0.0
-aqamKhZ1Ec$_$0,-aqamKhZ1Ec,0,end,In ,0.42,0.5600000023841858,0.3499999940395355,0.1400000023841858,0.07000000596046446
-aqamKhZ1Ec$_$0,-aqamKhZ1Ec,1,start,"2008, ",0.42,2.5399999618530273,0.3499999940395355,2.1199999618530274,0.07000000596046446
-aqamKhZ1Ec$_$0,-aqamKhZ1Ec,1,end,"2008, ",2.66,2.7799999713897705,1.149999976158142,0.11999997138977037,1.510000023841858
-aqamKhZ1Ec$_$0,-aqamKhZ1Ec,2,start,there were very serious tribal warfare ,2.66,2.809999942779541,1.149999976158142,0.14999994277954087,1.510000023841858
-aqamKhZ1Ec$_$0,-aqamKhZ1Ec,2,end,there were very serious tribal warfare ,5.12,5.070000171661377,5.949999809265137,0.04999982833862315,0.8299998092651366
-aqamKhZ1Ec$_$0,-aqamKhZ1Ec,3,start,in Kenya ,5.12,7.639999866485596,5.949999809265137,2.5199998664855956,0.8299998092651366
-aqamKhZ1Ec$_$0,-aqamKhZ1Ec,3,end,in Kenya ,6.32,7.909999847412109,7.150000095367432,1.589999847412109,0.8300000953674314
-aqamKhZ1Ec$_$0,-aqamKhZ1Ec,4,start,following a disputed election.,8.22,8.979999542236328,7.150000095367432,0.7599995422363275,1.069999904632569
-aqamKhZ1Ec$_$0,-aqamKhZ1Ec,4,end,following a disputed election.,10.38,10.89,10.199999809265137,0.5099999999999998,0.18000019073486406
-dxfTGcXJoc$_$0,-dxfTGcXJoc,0,start,This is Governor Steve Beshear ... ,0.0,0.5600000023841858,0.5,0.5600000023841858,0.5
-dxfTGcXJoc$_$0,-dxfTGcXJoc,0,end,This is Governor Steve Beshear ... ,2.1,2.0999999046325684,2.5999999046325684,9.536743172944284e-08,0.49999990463256827
-dxfTGcXJoc$_$0,-dxfTGcXJoc,1,start,About Kentucky ,2.6,2.5399999618530273,2.5999999046325684,0.060000038146972745,9.536743172944284e-08
-dxfTGcXJoc$_$0,-dxfTGcXJoc,1,end,About Kentucky ,3.4,3.440000057220459,3.9000000953674316,0.04000005722045907,0.5000000953674317
-dxfTGcXJoc$_$0,-dxfTGcXJoc,2,start,"Our state is home to more than 1,",4.44,4.349999904632568,3.9000000953674316,0.09000009536743203,0.5399999046325688
-dxfTGcXJoc$_$0,-dxfTGcXJoc,2,end,"Our state is home to more than 1,",6.28,6.710000038146973,6.449999809265137,0.4300000381469724,0.16999980926513647
-dxfTGcXJoc$_$0,-dxfTGcXJoc,4,start,"and more than 100,",9.8,10.0,9.949999809265137,0.1999999999999993,0.149999809265136
-dxfTGcXJoc$_$0,-dxfTGcXJoc,4,end,"and more than 100,",11.1,11.039999961853027,11.350000381469727,0.0600000381469723,0.2500003814697269
-dxfTGcXJoc$_$0,-dxfTGcXJoc,5,start,"000 people who work for these firms, ",11.1,11.039999961853027,11.350000381469727,0.0600000381469723,0.2500003814697269
-dxfTGcXJoc$_$0,-dxfTGcXJoc,5,end,"000 people who work for these firms, ",13.24,13.3100004196167,14.25,0.070000419616699,1.0099999999999998
-dxfTGcXJoc$_$0,-dxfTGcXJoc,6,start,in areas from nutrigenomics and pharmaceuticals ,13.88,13.829999923706055,14.25,0.050000076293946094,0.3699999999999992
-dxfTGcXJoc$_$0,-dxfTGcXJoc,6,end,in areas from nutrigenomics and pharmaceuticals ,17.76,17.34000015258789,17.0,0.41999984741211094,0.7600000000000016
-dxfTGcXJoc$_$0,-dxfTGcXJoc,7,start,to nanotechnology and medical devices.,17.76,17.649999618530273,17.0,0.11000038146972813,0.7600000000000016
-dxfTGcXJoc$_$0,-dxfTGcXJoc,7,end,to nanotechnology and medical devices.,19.72,19.8799991607666,19.75,0.1599991607666027,0.030000000000001137
-dxfTGcXJoc$_$1,-dxfTGcXJoc,0,start,"For the 10th straight year, ",0.0,0.5099999904632568,0.44999998807907104,0.5099999904632568,0.44999998807907104
-dxfTGcXJoc$_$1,-dxfTGcXJoc,0,end,"For the 10th straight year, ",1.96,1.8200000524520874,2.200000047683716,0.13999994754791256,0.24000004768371586
-dxfTGcXJoc$_$1,-dxfTGcXJoc,1,start,some of Kentucky’s best and most innovative biotech ,2.34,2.1500000953674316,2.200000047683716,0.18999990463256822,0.13999995231628404
-dxfTGcXJoc$_$1,-dxfTGcXJoc,1,end,some of Kentucky’s best and most innovative biotech ,5.34,5.539999961853027,5.5,0.19999996185302749,0.16000000000000014
-dxfTGcXJoc$_$1,-dxfTGcXJoc,2,start,companies and technologies were on display at the ,5.34,5.539999961853027,5.5,0.19999996185302749,0.16000000000000014
-dxfTGcXJoc$_$1,-dxfTGcXJoc,2,end,companies and technologies were on display at the ,9.04,8.960000038146973,8.75,0.07999996185302649,0.28999999999999915
-dxfTGcXJoc$_$1,-dxfTGcXJoc,3,start,"annual BIO International Convention, ",9.04,8.960000038146973,8.75,0.07999996185302649,0.28999999999999915
-dxfTGcXJoc$_$1,-dxfTGcXJoc,3,end,"annual BIO International Convention, ",11.32,11.319999694824219,11.800000190734863,3.051757815342171e-07,0.480000190734863
-dxfTGcXJoc$_$1,-dxfTGcXJoc,4,start,which I and other state officials attended this ,11.9,11.850000381469727,11.800000190734863,0.04999961853027379,0.09999980926513707
-dxfTGcXJoc$_$1,-dxfTGcXJoc,4,end,which I and other state officials attended this ,14.38,14.359999656677246,14.649999618530273,0.020000343322754688,0.26999961853027266
-dxfTGcXJoc$_$1,-dxfTGcXJoc,5,start,week in Chicago.,14.38,14.359999656677246,14.649999618530273,0.020000343322754688,0.26999961853027266
-dxfTGcXJoc$_$1,-dxfTGcXJoc,5,end,week in Chicago.,15.4,15.529999732971191,15.899999618530273,0.12999973297119105,0.4999996185302731
-dxfTGcXJoc$_$2,-dxfTGcXJoc,0,start,"An estimated 20,",0.0,0.5,0.25,0.5,0.25
-dxfTGcXJoc$_$2,-dxfTGcXJoc,0,end,"An estimated 20,",1.76,1.7100000381469727,1.350000023841858,0.04999996185302735,0.4099999761581421
-dxfTGcXJoc$_$2,-dxfTGcXJoc,1,start,"000 biotech scientists, ",1.76,1.7100000381469727,1.350000023841858,0.04999996185302735,0.4099999761581421
-dxfTGcXJoc$_$2,-dxfTGcXJoc,1,end,"000 biotech scientists, ",3.8,3.6700000762939453,2.9000000953674316,0.1299999237060545,0.8999999046325682
-dxfTGcXJoc$_$2,-dxfTGcXJoc,2,start,executives and industry experts from more than 50 ,3.94,3.819999933242798,2.9000000953674316,0.1200000667572021,1.0399999046325683
-dxfTGcXJoc$_$2,-dxfTGcXJoc,2,end,executives and industry experts from more than 50 ,7.26,7.309999942779541,6.949999809265137,0.04999994277954123,0.31000019073486307
-dxfTGcXJoc$_$2,-dxfTGcXJoc,3,start,nations were at the BIO conference to learn ,7.26,7.309999942779541,6.949999809265137,0.04999994277954123,0.31000019073486307
-dxfTGcXJoc$_$2,-dxfTGcXJoc,3,end,nations were at the BIO conference to learn ,10.12,10.140000343322754,10.0,0.020000343322754688,0.11999999999999922
-dxfTGcXJoc$_$2,-dxfTGcXJoc,4,start,"about the latest scientific advances, ",10.12,10.140000343322754,10.0,0.020000343322754688,0.11999999999999922
-dxfTGcXJoc$_$2,-dxfTGcXJoc,4,end,"about the latest scientific advances, ",12.1,12.15999984741211,12.449999809265137,0.05999984741210973,0.3499998092651371
-dxfTGcXJoc$_$2,-dxfTGcXJoc,5,start,and to exchange ideas and establish business relationships.,12.1,12.489999771118164,12.449999809265137,0.3899997711181644,0.3499998092651371
-dxfTGcXJoc$_$2,-dxfTGcXJoc,5,end,and to exchange ideas and establish business relationships.,15.78,16.110000610351562,16.299999237060547,0.33000061035156314,0.5199992370605475
-dxfTGcXJoc$_$6,-dxfTGcXJoc,0,start,Kentucky’s participation at the annual BIO International Convention ,0.0,0.4099999964237213,0.4000000059604645,0.4099999964237213,0.4000000059604645
-dxfTGcXJoc$_$6,-dxfTGcXJoc,0,end,Kentucky’s participation at the annual BIO International Convention ,4.28,4.340000152587891,4.699999809265137,0.060000152587890376,0.41999980926513647
-dxfTGcXJoc$_$6,-dxfTGcXJoc,1,start,is the primary means by which our high-,4.28,4.710000038146973,4.699999809265137,0.4300000381469724,0.41999980926513647
-dxfTGcXJoc$_$6,-dxfTGcXJoc,1,end,is the primary means by which our high-,7.48,7.389999866485596,7.150000095367432,0.09000013351440472,0.3299999046325688
-dxfTGcXJoc$_$6,-dxfTGcXJoc,2,start,tech companies and institutions can reach out to ,7.48,7.389999866485596,7.849999904632568,0.09000013351440472,0.36999990463256793
-dxfTGcXJoc$_$6,-dxfTGcXJoc,2,end,tech companies and institutions can reach out to ,10.4,10.350000381469727,10.75,0.04999961853027379,0.34999999999999964
-dxfTGcXJoc$_$6,-dxfTGcXJoc,3,start,the global scientific community.,10.4,10.350000381469727,10.75,0.04999961853027379,0.34999999999999964
-dxfTGcXJoc$_$6,-dxfTGcXJoc,3,end,the global scientific community.,12.02,12.109999656677246,12.600000381469727,0.08999965667724652,0.580000381469727
-egA8-b7-3M$_$1,-egA8-b7-3M,0,start,I ,0.0,0.0,0.15000000596046448,0.0,0.15000000596046448
-egA8-b7-3M$_$1,-egA8-b7-3M,0,end,I ,0.64,0.3499999940395355,0.3499999940395355,0.2900000059604645,0.2900000059604645
-egA8-b7-3M$_$1,-egA8-b7-3M,1,start,started a successful Legal Nurse Consulting Business ,0.98,1.2100000381469727,0.3499999940395355,0.23000003814697267,0.6300000059604645
-egA8-b7-3M$_$1,-egA8-b7-3M,1,end,started a successful Legal Nurse Consulting Business ,4.04,4.059999942779541,4.650000095367432,0.01999994277954098,0.6100000953674316
-egA8-b7-3M$_$1,-egA8-b7-3M,2,start,in 1989. ,4.04,4.480000019073486,4.650000095367432,0.4400000190734863,0.6100000953674316
-egA8-b7-3M$_$1,-egA8-b7-3M,2,end,in 1989. ,5.68,5.71999979019165,5.349999904632568,0.039999790191650675,0.33000009536743136
-egA8-b7-3M$_$1,-egA8-b7-3M,3,start,I mentor nurses who want to become Legal ,6.42,6.329999923706055,5.349999904632568,0.09000007629394524,1.0700000953674316
-egA8-b7-3M$_$1,-egA8-b7-3M,3,end,I mentor nurses who want to become Legal ,8.5,8.520000457763672,8.399999618530273,0.020000457763671875,0.10000038146972656
-egA8-b7-3M$_$1,-egA8-b7-3M,4,start,Nurse Consultants.,8.5,8.520000457763672,8.399999618530273,0.020000457763671875,0.10000038146972656
-egA8-b7-3M$_$1,-egA8-b7-3M,4,end,Nurse Consultants.,9.34,9.619999885559082,9.5,0.2799998855590822,0.16000000000000014
-egA8-b7-3M$_$13,-egA8-b7-3M,0,start,"What are you doing that's different?"" ",0.0,0.5099999904632568,0.3499999940395355,0.5099999904632568,0.3499999940395355
-egA8-b7-3M$_$13,-egA8-b7-3M,0,end,"What are you doing that's different?"" ",1.78,1.7999999523162842,2.299999952316284,0.019999952316284153,0.5199999523162842
-egA8-b7-3M$_$13,-egA8-b7-3M,1,start,They always want an answer.,2.5,2.3299999237060547,2.299999952316284,0.1700000762939453,0.20000004768371582
-egA8-b7-3M$_$13,-egA8-b7-3M,1,end,They always want an answer.,3.48,3.5299999713897705,3.75,0.049999971389770526,0.27
-egA8-b7-3M$_$16,-egA8-b7-3M,0,start,"Third, ",0.0,0.4300000071525574,0.44999998807907104,0.4300000071525574,0.44999998807907104
-egA8-b7-3M$_$16,-egA8-b7-3M,0,end,"Third, ",0.76,0.800000011920929,0.8500000238418579,0.040000011920928946,0.0900000238418579
-egA8-b7-3M$_$16,-egA8-b7-3M,1,start,another big benefit of exhibiting is connecting with ,0.94,0.800000011920929,0.8500000238418579,0.139999988079071,0.08999997615814204
-egA8-b7-3M$_$16,-egA8-b7-3M,1,end,another big benefit of exhibiting is connecting with ,3.76,3.7100000381469727,3.9000000953674316,0.04999996185302713,0.14000009536743185
-egA8-b7-3M$_$16,-egA8-b7-3M,2,start,existing clients.,3.76,3.7100000381469727,3.9000000953674316,0.04999996185302713,0.14000009536743185
-egA8-b7-3M$_$16,-egA8-b7-3M,2,end,existing clients.,4.76,4.920000076293945,4.849999904632568,0.16000007629394553,0.08999990463256857
-egA8-b7-3M$_$17,-egA8-b7-3M,0,start,"As you have more experience, ",0.0,0.5,0.30000001192092896,0.5,0.30000001192092896
-egA8-b7-3M$_$17,-egA8-b7-3M,0,end,"As you have more experience, ",2.04,2.180000066757202,2.75,0.1400000667572021,0.71
-egA8-b7-3M$_$17,-egA8-b7-3M,1,start,"you have more times exhibiting, ",3.32,3.2100000381469727,2.75,0.10999996185302718,0.5699999999999998
-egA8-b7-3M$_$17,-egA8-b7-3M,1,end,"you have more times exhibiting, ",4.7,5.0,4.650000095367432,0.2999999999999998,0.04999990463256854
-egA8-b7-3M$_$17,-egA8-b7-3M,2,start,you get to know more people.,5.34,5.239999771118164,4.650000095367432,0.1000002288818358,0.6899999046325682
-egA8-b7-3M$_$17,-egA8-b7-3M,2,end,you get to know more people.,6.46,6.559999942779541,6.550000190734863,0.09999994277954105,0.09000019073486332
-egA8-b7-3M$_$18,-egA8-b7-3M,0,start,It becomes easier at each one of these ,0.0,0.5,0.44999998807907104,0.5,0.44999998807907104
-egA8-b7-3M$_$18,-egA8-b7-3M,0,end,It becomes easier at each one of these ,2.92,2.880000114440918,2.799999952316284,0.03999988555908196,0.12000004768371575
-egA8-b7-3M$_$18,-egA8-b7-3M,1,start,conferences ,2.92,2.880000114440918,2.799999952316284,0.03999988555908196,0.12000004768371575
-egA8-b7-3M$_$18,-egA8-b7-3M,1,end,conferences ,3.54,3.6700000762939453,3.3499999046325684,0.13000007629394528,0.19000009536743168
-egA8-b7-3M$_$18,-egA8-b7-3M,2,start,to connect with people that you've met ,3.54,4.130000114440918,3.3499999046325684,0.5900001144409179,0.19000009536743168
-egA8-b7-3M$_$18,-egA8-b7-3M,2,end,to connect with people that you've met ,5.94,5.900000095367432,5.800000190734863,0.03999990463256875,0.1399998092651371
-egA8-b7-3M$_$18,-egA8-b7-3M,3,start,or that you're doing business with.,5.94,6.369999885559082,5.800000190734863,0.42999988555908164,0.1399998092651371
-egA8-b7-3M$_$18,-egA8-b7-3M,3,end,or that you're doing business with.,7.84,7.739999771118164,7.849999904632568,0.1000002288818358,0.009999904632568501
-egA8-b7-3M$_$20,-egA8-b7-3M,0,start,Now you've got a face that you can ,0.0,0.47999998927116394,0.10000000149011612,0.47999998927116394,0.10000000149011612
-egA8-b7-3M$_$20,-egA8-b7-3M,0,end,Now you've got a face that you can ,2.08,2.0899999141693115,2.450000047683716,0.009999914169311452,0.37000004768371575
-egA8-b7-3M$_$20,-egA8-b7-3M,1,start,"connect with a voice, ",2.08,2.0899999141693115,2.450000047683716,0.009999914169311452,0.37000004768371575
-egA8-b7-3M$_$20,-egA8-b7-3M,1,end,"connect with a voice, ",3.38,3.4000000953674316,3.8499999046325684,0.020000095367431747,0.46999990463256847
-egA8-b7-3M$_$20,-egA8-b7-3M,2,start,and that makes you closer to that client.,3.78,3.890000104904175,3.8499999046325684,0.110000104904175,0.06999990463256855
-egA8-b7-3M$_$20,-egA8-b7-3M,2,end,and that makes you closer to that client.,5.92,6.474437,5.849999904632568,0.5544370000000001,0.07000009536743157
-egA8-b7-3M$_$26,-egA8-b7-3M,0,start,We're updating it all the time ,0.0,0.5099999904632568,0.44999998807907104,0.5099999904632568,0.44999998807907104
-egA8-b7-3M$_$26,-egA8-b7-3M,0,end,We're updating it all the time ,2.06,2.119999885559082,2.0999999046325684,0.05999988555908198,0.039999904632568306
-egA8-b7-3M$_$26,-egA8-b7-3M,1,start,and looking forward to your comments on our ,2.06,2.450000047683716,2.0999999046325684,0.39000004768371577,0.039999904632568306
-egA8-b7-3M$_$26,-egA8-b7-3M,1,end,and looking forward to your comments on our ,4.74,4.670000076293945,4.900000095367432,0.0699999237060549,0.16000009536743143
-egA8-b7-3M$_$26,-egA8-b7-3M,2,start,videos.,4.74,4.670000076293945,4.900000095367432,0.0699999237060549,0.16000009536743143
-egA8-b7-3M$_$26,-egA8-b7-3M,2,end,videos.,5.1,5.340000152587891,5.199999809265137,0.24000015258789098,0.09999980926513707
-egA8-b7-3M$_$6,-egA8-b7-3M,0,start,First exhibiting is a wonderful opportunity to network ,0.0,0.5199999809265137,0.44999998807907104,0.5199999809265137,0.44999998807907104
-egA8-b7-3M$_$6,-egA8-b7-3M,0,end,First exhibiting is a wonderful opportunity to network ,3.8,3.930000066757202,3.9000000953674316,0.13000006675720233,0.10000009536743182
-egA8-b7-3M$_$6,-egA8-b7-3M,1,start,with other legal vendors.,3.8,3.930000066757202,3.9000000953674316,0.13000006675720233,0.10000009536743182
-egA8-b7-3M$_$6,-egA8-b7-3M,1,end,with other legal vendors.,5.26,5.550000190734863,5.449999809265137,0.2900001907348635,0.18999980926513693
-egA8-b7-3M$_$9,-egA8-b7-3M,0,start,"Secondly, ",0.0,0.44999998807907104,0.3499999940395355,0.44999998807907104,0.3499999940395355
-egA8-b7-3M$_$9,-egA8-b7-3M,0,end,"Secondly, ",0.98,1.100000023841858,0.8999999761581421,0.12000002384185793,0.08000002384185789
-egA8-b7-3M$_$9,-egA8-b7-3M,1,start,another goal of exhibiting  is building your company ,1.26,1.100000023841858,0.8999999761581421,0.1599999761581421,0.3600000238418579
-egA8-b7-3M$_$9,-egA8-b7-3M,1,end,another goal of exhibiting  is building your company ,3.84,3.9000000953674316,3.950000047683716,0.06000009536743178,0.11000004768371596
-egA8-b7-3M$_$9,-egA8-b7-3M,2,start,image.,3.84,3.9000000953674316,3.950000047683716,0.06000009536743178,0.11000004768371596
-egA8-b7-3M$_$9,-egA8-b7-3M,2,end,image.,4.34,4.936,4.349999904632568,0.5960000000000001,0.009999904632568501
-lzEya4AM_4$_$5,-lzEya4AM_4,1,start,"three categories, ",2.14,2.0999999046325684,2.549999952316284,0.040000095367431765,0.40999995231628406
-lzEya4AM_4$_$5,-lzEya4AM_4,1,end,"three categories, ",3.36,3.0199999809265137,3.549999952316284,0.3400000190734862,0.1899999523162843
-lzEya4AM_4$_$5,-lzEya4AM_4,2,start,inducing ,3.36,3.5799999237060547,3.549999952316284,0.2199999237060548,0.1899999523162843
-lzEya4AM_4$_$5,-lzEya4AM_4,2,end,inducing ,4.3,4.309999942779541,4.0,0.009999942779541193,0.2999999999999998
-lzEya4AM_4$_$5,-lzEya4AM_4,3,start,nausea and vomiting would be your next step.,4.3,4.980000019073486,4.0,0.6800000190734865,0.2999999999999998
-lzEya4AM_4$_$5,-lzEya4AM_4,3,end,nausea and vomiting would be your next step.,7.08,7.039999961853027,7.050000190734863,0.04000003814697273,0.02999980926513679
-lzEya4AM_4$_$6,-lzEya4AM_4,0,start,If the product or poison is some type ,0.0,0.5099999904632568,0.44999998807907104,0.5099999904632568,0.44999998807907104
-lzEya4AM_4$_$6,-lzEya4AM_4,0,end,If the product or poison is some type ,2.66,2.700000047683716,2.5999999046325684,0.04000004768371568,0.06000009536743178
-lzEya4AM_4$_$6,-lzEya4AM_4,1,start,of petroleum product ,2.66,2.700000047683716,2.5999999046325684,0.04000004768371568,0.06000009536743178
-lzEya4AM_4$_$6,-lzEya4AM_4,1,end,of petroleum product ,3.8,3.8499999046325684,4.099999904632568,0.04999990463256854,0.29999990463256854
-lzEya4AM_4$_$6,-lzEya4AM_4,2,start,"or corrosive product, ",3.8,4.159999847412109,4.099999904632568,0.35999984741210955,0.29999990463256854
-lzEya4AM_4$_$6,-lzEya4AM_4,2,end,"or corrosive product, ",5.28,5.289999961853027,5.0,0.009999961853027095,0.28000000000000025
-lzEya4AM_4$_$6,-lzEya4AM_4,3,start,you would not attempt ,5.28,5.78000020980835,5.0,0.5000002098083494,0.28000000000000025
-lzEya4AM_4$_$6,-lzEya4AM_4,3,end,you would not attempt ,6.78,6.880000114440918,6.5,0.10000011444091772,0.28000000000000025
-lzEya4AM_4$_$6,-lzEya4AM_4,4,start,"to induce vomiting and nausea, as ",6.78,7.210000038146973,6.5,0.4300000381469724,0.28000000000000025
-lzEya4AM_4$_$6,-lzEya4AM_4,4,end,"to induce vomiting and nausea, as ",9.74,9.100000381469727,8.449999809265137,0.6399996185302737,1.2900001907348635
-lzEya4AM_4$_$6,-lzEya4AM_4,6,start,it could cause damage and burning on the ,11.48,11.760000228881836,11.350000381469727,0.2800002288818355,0.12999961853027386
-lzEya4AM_4$_$6,-lzEya4AM_4,6,end,it could cause damage and burning on the ,13.64,13.600000381469727,13.75,0.039999618530274006,0.10999999999999943
-lzEya4AM_4$_$6,-lzEya4AM_4,7,start,way back up.,13.64,13.600000381469727,13.75,0.039999618530274006,0.10999999999999943
-lzEya4AM_4$_$6,-lzEya4AM_4,7,end,way back up.,14.52,14.289999961853027,14.350000381469727,0.23000003814697223,0.169999618530273
-mqbVkbCndg$_$0,-mqbVkbCndg,0,start,"How, ",0.0,0.05999999865889549,0.10000000149011612,0.05999999865889549,0.10000000149011612
-mqbVkbCndg$_$0,-mqbVkbCndg,0,end,"How, ",0.48,0.5400000214576721,0.75,0.06000002145767214,0.27
-mqbVkbCndg$_$0,-mqbVkbCndg,1,start,at a particular moment in time—our moment ,0.54,0.8100000023841858,0.75,0.27000000238418576,0.20999999999999996
-mqbVkbCndg$_$0,-mqbVkbCndg,1,end,at a particular moment in time—our moment ,3.3,3.450000047683716,4.400000095367432,0.150000047683716,1.1000000953674318
-mqbVkbCndg$_$0,-mqbVkbCndg,2,start,in time—,3.3,3.450000047683716,4.400000095367432,0.150000047683716,1.1000000953674318
-mqbVkbCndg$_$0,-mqbVkbCndg,2,end,in time—,4.04,4.019999980926514,4.949999809265137,0.020000019073486364,0.9099998092651367
-mqbVkbCndg$_$0,-mqbVkbCndg,3,start,are they ,4.6,4.46999979019165,4.949999809265137,0.13000020980834925,0.3499998092651371
-mqbVkbCndg$_$0,-mqbVkbCndg,3,end,are they ,5.2,5.010000228881836,5.75,0.18999977111816424,0.5499999999999998
-mqbVkbCndg$_$0,-mqbVkbCndg,4,start,limited,5.2,5.320000171661377,5.75,0.12000017166137678,0.5499999999999998
-mqbVkbCndg$_$0,-mqbVkbCndg,4,end,limited,5.76,5.900000095367432,6.349999904632568,0.14000009536743185,0.5899999046325686
-qDkUB0GgYY$_$6,-qDkUB0GgYY,0,start,"We always love to hear what you say, ",0.6,0.47999998927116394,0.05000000074505806,0.12000001072883604,0.5499999992549419
-qDkUB0GgYY$_$6,-qDkUB0GgYY,0,end,"We always love to hear what you say, ",2.22,2.25,2.049999952316284,0.029999999999999805,0.17000004768371602
-qDkUB0GgYY$_$6,-qDkUB0GgYY,1,start,and like and share this video as well.,2.22,2.509999990463257,2.049999952316284,0.28999999046325664,0.17000004768371602
-qDkUB0GgYY$_$6,-qDkUB0GgYY,1,end,and like and share this video as well.,4.22,4.090000152587891,4.5,0.12999984741210913,0.28000000000000025
-s9qJ7ATP7w$_$0,-s9qJ7ATP7w,0,start,"they have doubt, ",0.0,0.07,0.30000001192092896,0.07,0.30000001192092896
-s9qJ7ATP7w$_$0,-s9qJ7ATP7w,0,end,"they have doubt, ",0.54,0.63,1.2000000476837158,0.08999999999999997,0.6600000476837158
-s9qJ7ATP7w$_$0,-s9qJ7ATP7w,1,start,"they have fear, ",0.82,0.63,1.2000000476837158,0.18999999999999995,0.38000004768371587
-s9qJ7ATP7w$_$0,-s9qJ7ATP7w,1,end,"they have fear, ",1.42,1.44,2.049999952316284,0.020000000000000018,0.6299999523162843
-s9qJ7ATP7w$_$0,-s9qJ7ATP7w,4,start,and then they just give up,4.84,5.19,5.199999809265137,0.35000000000000053,0.35999980926513686
-s9qJ7ATP7w$_$0,-s9qJ7ATP7w,4,end,and then they just give up,6.5,6.16,6.400000095367432,0.33999999999999986,0.09999990463256836
-s9qJ7ATP7w$_$1,-s9qJ7ATP7w,1,start,is to lose,2.58,3.07,3.4000000953674316,0.48999999999999977,0.8200000953674316
-s9qJ7ATP7w$_$1,-s9qJ7ATP7w,1,end,is to lose,3.68,4.38,4.300000190734863,0.6999999999999997,0.6200001907348631
-s9qJ7ATP7w$_$4,-s9qJ7ATP7w,0,start,"I have lost at everything you can imagine, ",0.62,0.53,0.05000000074505806,0.08999999999999997,0.5699999992549419
-s9qJ7ATP7w$_$4,-s9qJ7ATP7w,0,end,"I have lost at everything you can imagine, ",2.82,2.91,3.5,0.0900000000000003,0.6800000000000002
-s9qJ7ATP7w$_$4,-s9qJ7ATP7w,1,start,seriously,2.98,2.91,3.5,0.06999999999999984,0.52
-s9qJ7ATP7w$_$4,-s9qJ7ATP7w,1,end,seriously,3.26,4.246875,4.0,0.9868750000000004,0.7400000000000002
-s9qJ7ATP7w$_$5,-s9qJ7ATP7w,0,start,I have ,0.86,0.0,0.30000001192092896,0.86,0.559999988079071
-s9qJ7ATP7w$_$5,-s9qJ7ATP7w,0,end,I have ,1.46,0.88,1.0499999523162842,0.58,0.4100000476837158
-s9qJ7ATP7w$_$5,-s9qJ7ATP7w,1,start,been beat up and put down and ,1.46,1.39,1.0499999523162842,0.07000000000000006,0.4100000476837158
-s9qJ7ATP7w$_$5,-s9qJ7ATP7w,1,end,been beat up and put down and ,4.06,4.06,3.6500000953674316,0.0,0.40999990463256797
-s9qJ7ATP7w$_$5,-s9qJ7ATP7w,2,start,"everything that can go wrong, ",4.06,4.82,3.6500000953674316,0.7600000000000007,0.40999990463256797
-s9qJ7ATP7w$_$5,-s9qJ7ATP7w,2,end,"everything that can go wrong, ",6.28,6.35,6.099999904632568,0.0699999999999994,0.1800000953674319
-s9qJ7ATP7w$_$5,-s9qJ7ATP7w,3,start,has gone wrong for me,6.28,6.72,6.099999904632568,0.4399999999999995,0.1800000953674319
-s9qJ7ATP7w$_$5,-s9qJ7ATP7w,3,end,has gone wrong for me,8.0,8.397875,8.149999618530273,0.39787500000000087,0.14999961853027344
-s9qJ7ATP7w$_$6,-s9qJ7ATP7w,0,start,But ,0.6,0.0,0.0,0.6,0.6
-s9qJ7ATP7w$_$6,-s9qJ7ATP7w,0,end,But ,0.74,0.78,0.44999998807907104,0.040000000000000036,0.29000001192092895
-s9qJ7ATP7w$_$6,-s9qJ7ATP7w,1,start,I just kept going,0.74,1.22,0.44999998807907104,0.48,0.29000001192092895
-s9qJ7ATP7w$_$6,-s9qJ7ATP7w,1,end,I just kept going,1.82,1.81,2.0,0.010000000000000009,0.17999999999999994
-s9qJ7ATP7w$_$7,-s9qJ7ATP7w,0,start,"I used to work for Warren Avis, ",0.0,0.51,0.05000000074505806,0.51,0.05000000074505806
-s9qJ7ATP7w$_$7,-s9qJ7ATP7w,0,end,"I used to work for Warren Avis, ",1.7,1.74,1.850000023841858,0.040000000000000036,0.15000002384185795
-s9qJ7ATP7w$_$7,-s9qJ7ATP7w,2,start,"and he said to me one day, """,3.32,3.14,3.5999999046325684,0.17999999999999972,0.2799999046325685
-s9qJ7ATP7w$_$7,-s9qJ7ATP7w,2,end,"and he said to me one day, """,4.34,4.35,4.599999904632568,0.009999999999999787,0.2599999046325685
-s9qJ7ATP7w$_$7,-s9qJ7ATP7w,3,start,"Robert, ""what's the purpose of ",4.86,4.77,4.599999904632568,0.09000000000000075,0.26000009536743196
-s9qJ7ATP7w$_$7,-s9qJ7ATP7w,3,end,"Robert, ""what's the purpose of ",5.98,5.9,6.050000190734863,0.08000000000000007,0.07000019073486285
-s9qJ7ATP7w$_$7,-s9qJ7ATP7w,4,start,business,5.98,6.33,6.050000190734863,0.34999999999999964,0.07000019073486285
-s9qJ7ATP7w$_$7,-s9qJ7ATP7w,4,end,business,6.22,6.61,6.5,0.39000000000000057,0.28000000000000025
-s9qJ7ATP7w$_$8,-s9qJ7ATP7w,0,start,""" And I said, ""Oh, ",0.54,0.5,0.0,0.040000000000000036,0.54
-s9qJ7ATP7w$_$8,-s9qJ7ATP7w,0,end,""" And I said, ""Oh, ",1.06,1.06,1.0,0.0,0.06000000000000005
-s9qJ7ATP7w$_$8,-s9qJ7ATP7w,1,start,"make a profit, ",1.28,1.06,1.0,0.21999999999999997,0.28
-s9qJ7ATP7w$_$8,-s9qJ7ATP7w,1,end,"make a profit, ",1.82,1.9,1.7000000476837158,0.07999999999999985,0.11999995231628424
-s9qJ7ATP7w$_$8,-s9qJ7ATP7w,2,start,and all these other things,1.82,1.9,1.7000000476837158,0.07999999999999985,0.11999995231628424
-s9qJ7ATP7w$_$8,-s9qJ7ATP7w,2,end,and all these other things,2.68,2.64,3.1500000953674316,0.040000000000000036,0.4700000953674315
-t217m2on-s$_$2,-t217m2on-s,0,start,"But a good thing to do is yawning, ",0.0,0.5,0.5,0.5,0.5
-t217m2on-s$_$2,-t217m2on-s,0,end,"But a good thing to do is yawning, ",3.16,2.619999885559082,3.549999952316284,0.5400001144409181,0.38999995231628404
-t217m2on-s$_$2,-t217m2on-s,1,start,chewing gum is effective.,3.46,3.0899999141693115,3.549999952316284,0.37000008583068844,0.08999995231628422
-t217m2on-s$_$2,-t217m2on-s,1,end,chewing gum is effective.,4.94,5.039999961853027,5.199999809265137,0.09999996185302695,0.25999980926513633
-t217m2on-s$_$7,-t217m2on-s,0,start,If you find that your ears ,0.0,0.5099999904632568,0.44999998807907104,0.5099999904632568,0.44999998807907104
-t217m2on-s$_$7,-t217m2on-s,0,end,If you find that your ears ,2.42,2.2899999618530273,2.0,0.13000003814697259,0.41999999999999993
-t217m2on-s$_$7,-t217m2on-s,1,start,consistently do this and you can't pop them ,2.42,2.680000066757202,2.0,0.2600000667572022,0.41999999999999993
-t217m2on-s$_$7,-t217m2on-s,1,end,consistently do this and you can't pop them ,6.12,6.039999961853027,5.400000095367432,0.08000003814697276,0.7199999046325685
-t217m2on-s$_$7,-t217m2on-s,2,start,"often, you'",6.12,6.039999961853027,5.400000095367432,0.08000003814697276,0.7199999046325685
-t217m2on-s$_$7,-t217m2on-s,2,end,"often, you'",6.54,6.53000020980835,5.849999904632568,0.009999790191650426,0.6900000953674317
-t217m2on-s$_$7,-t217m2on-s,3,start,ll definitely need to see a physician ,7.12,6.940000057220459,6.25,0.17999994277954112,0.8700000000000001
-t217m2on-s$_$7,-t217m2on-s,3,end,ll definitely need to see a physician ,9.0,8.970000267028809,8.649999618530273,0.029999732971191406,0.35000038146972656
-t217m2on-s$_$7,-t217m2on-s,4,start,"regarding those things, ",9.0,9.449999809265137,8.649999618530273,0.4499998092651367,0.35000038146972656
-t217m2on-s$_$7,-t217m2on-s,4,end,"regarding those things, ",10.6,10.609999656677246,10.100000381469727,0.009999656677246449,0.4999996185302731
-t217m2on-s$_$7,-t217m2on-s,5,start,it could be something more of a nasal ,10.86,10.829999923706055,10.100000381469727,0.030000076293944744,0.7599996185302729
-t217m2on-s$_$7,-t217m2on-s,5,end,it could be something more of a nasal ,12.44,12.529999732971191,12.699999809265137,0.0899997329711919,0.2599998092651372
-t217m2on-s$_$7,-t217m2on-s,6,start,infection or a sinus infection ,12.44,12.529999732971191,12.699999809265137,0.0899997329711919,0.2599998092651372
-t217m2on-s$_$7,-t217m2on-s,6,end,infection or a sinus infection ,14.52,14.699999809265137,14.350000381469727,0.17999980926513715,0.169999618530273
-tANM6ETl_M$_$3,-tANM6ETl_M,0,start,The first place is either you have a ,0.0,0.5199999809265137,0.4000000059604645,0.5199999809265137,0.4000000059604645
-tANM6ETl_M$_$3,-tANM6ETl_M,0,end,The first place is either you have a ,2.38,2.259999990463257,2.25,0.12000000953674306,0.1299999999999999
-tANM6ETl_M$_$3,-tANM6ETl_M,1,start,"prospect, ",2.38,2.259999990463257,2.25,0.12000000953674306,0.1299999999999999
-tANM6ETl_M$_$3,-tANM6ETl_M,1,end,"prospect, ",2.8,2.930000066757202,2.8499999046325684,0.13000006675720233,0.04999990463256854
-tANM6ETl_M$_$3,-tANM6ETl_M,2,start,"or a customer who's never done it before, ",2.8,2.930000066757202,2.8499999046325684,0.13000006675720233,0.04999990463256854
-tANM6ETl_M$_$3,-tANM6ETl_M,2,end,"or a customer who's never done it before, ",5.02,4.980000019073486,4.949999809265137,0.039999980926513246,0.07000019073486285
-tPCytz4rww$_$10,-tPCytz4rww,1,start,thousand square foot condo.,2.5,2.380000114440918,2.5999999046325684,0.11999988555908203,0.09999990463256836
-tPCytz4rww$_$10,-tPCytz4rww,1,end,thousand square foot condo.,4.06,4.139999866485596,4.550000190734863,0.0799998664855961,0.49000019073486367
-tPCytz4rww$_$12,-tPCytz4rww,2,start,similar ,3.0,3.7799999713897705,4.949999809265137,0.7799999713897705,1.9499998092651367
-tPCytz4rww$_$12,-tPCytz4rww,2,end,similar ,3.7,4.269999980926514,5.349999904632568,0.5699999809265135,1.6499999046325682
-tPCytz4rww$_$12,-tPCytz4rww,3,start,with bedrooms and bathrooms as well ,3.7,4.989999771118164,5.349999904632568,1.2899997711181639,1.6499999046325682
-tPCytz4rww$_$12,-tPCytz4rww,3,end,with bedrooms and bathrooms as well ,7.56,7.380000114440918,8.149999618530273,0.17999988555908164,0.5899996185302738
-tPCytz4rww$_$12,-tPCytz4rww,4,start,and hopefully the complexes have similar amenities.,8.16,7.690000057220459,8.149999618530273,0.46999994277954116,0.010000381469726705
-tPCytz4rww$_$12,-tPCytz4rww,4,end,and hopefully the complexes have similar amenities.,11.14,11.736,11.600000381469727,0.5960000000000001,0.460000381469726
-tPCytz4rww$_$16,-tPCytz4rww,1,start,to ,1.44,2.950000047683716,3.4000000953674316,1.5100000476837159,1.9600000953674317
-tPCytz4rww$_$16,-tPCytz4rww,1,end,to ,4.4,3.359999895095825,3.700000047683716,1.0400001049041752,0.6999999523162845
-tPCytz4rww$_$18,-tPCytz4rww,0,start,Do so ,0.36,0.5199999809265137,0.5,0.15999998092651369,0.14
-tPCytz4rww$_$18,-tPCytz4rww,0,end,Do so ,1.08,1.0499999523162842,1.0,0.03000004768371589,0.08000000000000007
-tPCytz4rww$_$18,-tPCytz4rww,1,start,and as well you'll also want to remove ,1.52,1.3700000047683716,1.0,0.14999999523162844,0.52
-tPCytz4rww$_$18,-tPCytz4rww,1,end,and as well you'll also want to remove ,3.88,3.9600000381469727,3.75,0.08000003814697276,0.1299999999999999
-tPCytz4rww$_$18,-tPCytz4rww,2,start,any clutter from that you've accumulated.,3.88,3.9600000381469727,3.75,0.08000003814697276,0.1299999999999999
-tPCytz4rww$_$18,-tPCytz4rww,2,end,any clutter from that you've accumulated.,5.88,5.989999771118164,6.400000095367432,0.10999977111816417,0.5200000953674317
-uywlfIYOS8$_$4,-uywlfIYOS8,0,start,"And then from a brand point of view, ",1.12,0.0,0.05000000074505806,1.12,1.069999999254942
-uywlfIYOS8$_$4,-uywlfIYOS8,0,end,"And then from a brand point of view, ",2.62,2.049999952316284,2.049999952316284,0.5700000476837159,0.5700000476837159
-uywlfIYOS8$_$4,-uywlfIYOS8,1,start,we need to make sure we're driving the ,2.76,2.109999895095825,2.049999952316284,0.6500001049041746,0.7100000476837156
-uywlfIYOS8$_$4,-uywlfIYOS8,1,end,we need to make sure we're driving the ,4.34,4.289999961853027,4.550000190734863,0.050000038146972514,0.21000019073486342
-uywlfIYOS8$_$4,-uywlfIYOS8,2,start,relevant insight.,4.34,4.289999961853027,4.550000190734863,0.050000038146972514,0.21000019073486342
-uywlfIYOS8$_$4,-uywlfIYOS8,2,end,relevant insight.,5.28,5.21999979019165,5.300000190734863,0.06000020980834986,0.020000190734863033
-vxjVxOeScU$_$4,-vxjVxOeScU,0,start,"You're going to talk about their life, ",0.0,0.0,0.0,0.0,0.0
-vxjVxOeScU$_$4,-vxjVxOeScU,0,end,"You're going to talk about their life, ",2.78,2.640000104904175,2.5,0.139999895095825,0.2799999999999998
-vxjVxOeScU$_$4,-vxjVxOeScU,1,start,their marriage ,3.0,2.859999895095825,2.5,0.1400001049041748,0.5
-vxjVxOeScU$_$4,-vxjVxOeScU,1,end,their marriage ,3.9,3.950000047683716,3.5,0.05000004768371591,0.3999999999999999
-vxjVxOeScU$_$4,-vxjVxOeScU,2,start,and usually how amazing it is that they've ,4.36,4.340000152587891,3.5,0.019999847412109695,0.8600000000000003
-vxjVxOeScU$_$4,-vxjVxOeScU,2,end,and usually how amazing it is that they've ,7.2,7.099999904632568,7.099999904632568,0.10000009536743182,0.10000009536743182
-vxjVxOeScU$_$4,-vxjVxOeScU,3,start,stayed together this long.,7.2,7.099999904632568,7.099999904632568,0.10000009536743182,0.10000009536743182
-vxjVxOeScU$_$4,-vxjVxOeScU,3,end,stayed together this long.,8.5,8.619999885559082,8.800000190734863,0.11999988555908203,0.3000001907348633
-wMB_hJL-3o$_$7,-wMB_hJL-3o,0,start,So if you have a loved one who ,0.4000000000000006,0.6299999952316284,0.3499999940395355,0.22999999523162784,0.050000005960465055
-wMB_hJL-3o$_$7,-wMB_hJL-3o,0,end,So if you have a loved one who ,2.16,2.140000104904175,1.75,0.019999895095825337,0.41000000000000014
-wMB_hJL-3o$_$7,-wMB_hJL-3o,1,start,is depressed those are some of the things ,2.16,2.140000104904175,1.75,0.019999895095825337,0.41000000000000014
-wMB_hJL-3o$_$7,-wMB_hJL-3o,1,end,is depressed those are some of the things ,4.22,4.25,3.9000000953674316,0.03000000000000025,0.3199999046325681
-wMB_hJL-3o$_$7,-wMB_hJL-3o,2,start,that you should think about doing.,4.22,4.25,3.9000000953674316,0.03000000000000025,0.3199999046325681
-wMB_hJL-3o$_$7,-wMB_hJL-3o,2,end,that you should think about doing.,5.46,5.449999809265137,5.800000190734863,0.010000190734863246,0.3400001907348633
-wny0OAz3g8$_$0,-wny0OAz3g8,0,start,trade labor unions didn’t allow Black workers to ,0.0,0.28999999165534973,0.30000001192092896,0.28999999165534973,0.30000001192092896
-wny0OAz3g8$_$0,-wny0OAz3g8,0,end,trade labor unions didn’t allow Black workers to ,2.46,2.4100000858306885,2.950000047683716,0.04999991416931149,0.49000004768371586
-wny0OAz3g8$_$0,-wny0OAz3g8,1,start,join,2.46,2.4100000858306885,2.950000047683716,0.04999991416931149,0.49000004768371586
-wny0OAz3g8$_$0,-wny0OAz3g8,1,end,join,2.7,3.0,3.200000047683716,0.2999999999999998,0.5000000476837156
-wny0OAz3g8$_$1,-wny0OAz3g8,0,start,"And because they couldn’t join unions, ",0.56,0.5099999904632568,0.15000000596046448,0.05000000953674322,0.4099999940395356
-wny0OAz3g8$_$1,-wny0OAz3g8,0,end,"And because they couldn’t join unions, ",1.98,2.109999895095825,2.049999952316284,0.1299998950958252,0.0699999523162842
-wny0OAz3g8$_$1,-wny0OAz3g8,1,start,many Black workers couldn’t get manufacturing or trade ,2.28,2.109999895095825,2.049999952316284,0.1700001049041746,0.23000004768371562
-wny0OAz3g8$_$1,-wny0OAz3g8,1,end,many Black workers couldn’t get manufacturing or trade ,4.32,4.389999866485596,4.400000095367432,0.06999986648559542,0.08000009536743136
-wny0OAz3g8$_$1,-wny0OAz3g8,2,start,work – which paid much better than service work,4.32,4.389999866485596,4.400000095367432,0.06999986648559542,0.08000009536743136
-wny0OAz3g8$_$1,-wny0OAz3g8,2,end,work – which paid much better than service work,6.24,6.300000190734863,6.75,0.06000019073486307,0.5099999999999998
-wny0OAz3g8$_$2,-wny0OAz3g8,0,start,"And because they couldn’t get these jobs, ",0.56,0.5099999904632568,0.05000000074505806,0.05000000953674322,0.509999999254942
-wny0OAz3g8$_$2,-wny0OAz3g8,0,end,"And because they couldn’t get these jobs, ",2.04,2.0899999141693115,2.0,0.04999991416931149,0.040000000000000036
-wny0OAz3g8$_$2,-wny0OAz3g8,1,start,"Black communities had more men out of work, ",2.34,2.200000047683716,2.0,0.13999995231628404,0.33999999999999986
-wny0OAz3g8$_$2,-wny0OAz3g8,1,end,"Black communities had more men out of work, ",3.74,3.809999942779541,3.8499999046325684,0.0699999427795408,0.10999990463256815
-wny0OAz3g8$_$2,-wny0OAz3g8,2,start,"higher rates of poverty, ",4.04,3.950000047683716,3.8499999046325684,0.08999995231628422,0.19000009536743168
-wny0OAz3g8$_$2,-wny0OAz3g8,2,end,"higher rates of poverty, ",4.8,4.909999847412109,5.050000190734863,0.10999984741210955,0.25000019073486346
-wny0OAz3g8$_$2,-wny0OAz3g8,3,start,and more criminal behavior,4.98,4.909999847412109,5.050000190734863,0.07000015258789105,0.07000019073486285
-wny0OAz3g8$_$2,-wny0OAz3g8,3,end,and more criminal behavior,5.98,6.110000133514404,6.199999809265137,0.13000013351440387,0.2199998092651363
-wny0OAz3g8$_$3,-wny0OAz3g8,0,start,Which then allowed the white workers and unions ,0.56,0.5199999809265137,0.15000000596046448,0.04000001907348638,0.4099999940395356
-wny0OAz3g8$_$3,-wny0OAz3g8,0,end,Which then allowed the white workers and unions ,2.16,2.2799999713897705,2.5,0.11999997138977037,0.33999999999999986
-wny0OAz3g8$_$3,-wny0OAz3g8,1,start,to justify their decision to not allow black ,2.16,2.2799999713897705,2.5,0.11999997138977037,0.33999999999999986
-wny0OAz3g8$_$3,-wny0OAz3g8,1,end,to justify their decision to not allow black ,4.18,4.28000020980835,4.75,0.1000002098083499,0.5700000000000003
-wny0OAz3g8$_$3,-wny0OAz3g8,2,start,workers into their union,4.18,4.28000020980835,4.75,0.1000002098083499,0.5700000000000003
-wny0OAz3g8$_$3,-wny0OAz3g8,2,end,workers into their union,5.54,5.679999828338623,6.050000190734863,0.139999828338623,0.5100001907348632
-wny0OAz3g8$_$5,-wny0OAz3g8,0,start,This is what’s now known as racial formation ,0.62,0.5199999809265137,0.05000000074505806,0.10000001907348632,0.5699999992549419
-wny0OAz3g8$_$5,-wny0OAz3g8,0,end,This is what’s now known as racial formation ,2.42,2.5299999713897705,2.299999952316284,0.10999997138977058,0.12000004768371575
-wny0OAz3g8$_$5,-wny0OAz3g8,1,start,"theory, ",2.42,2.5299999713897705,2.299999952316284,0.10999997138977058,0.12000004768371575
-wny0OAz3g8$_$5,-wny0OAz3g8,1,end,"theory, ",2.78,2.9100000858306885,2.75,0.13000008583068867,0.029999999999999805
-wny0OAz3g8$_$7,-wny0OAz3g8,1,start,race came about as a tool to justify ,2.08,2.059999942779541,2.0,0.020000057220459055,0.08000000000000007
-wny0OAz3g8$_$7,-wny0OAz3g8,1,end,race came about as a tool to justify ,3.68,3.869999885559082,3.950000047683716,0.18999988555908187,0.27000004768371566
-wny0OAz3g8$_$7,-wny0OAz3g8,2,start,and maintain the economic and political power held ,3.68,3.869999885559082,3.950000047683716,0.18999988555908187,0.27000004768371566
-wny0OAz3g8$_$7,-wny0OAz3g8,2,end,and maintain the economic and political power held ,6.18,6.260000228881836,6.650000095367432,0.08000022888183622,0.4700000953674319
-wny0OAz3g8$_$7,-wny0OAz3g8,3,start,by those of European descent,6.18,6.260000228881836,6.650000095367432,0.08000022888183622,0.4700000953674319
-wny0OAz3g8$_$7,-wny0OAz3g8,3,end,by those of European descent,7.38,7.360000133514404,7.849999904632568,0.019999866485595597,0.46999990463256847
-wny0OAz3g8$_$9,-wny0OAz3g8,0,start,He explores why Black and White Americans tend ,0.56,0.5299999713897705,0.05000000074505806,0.030000028610229545,0.509999999254942
-wny0OAz3g8$_$9,-wny0OAz3g8,0,end,He explores why Black and White Americans tend ,2.24,2.2899999618530273,2.549999952316284,0.04999996185302713,0.30999995231628397
-wny0OAz3g8$_$9,-wny0OAz3g8,1,start,to have such different outcomes in terms of ,2.24,2.2899999618530273,2.549999952316284,0.04999996185302713,0.30999995231628397
-wny0OAz3g8$_$9,-wny0OAz3g8,1,end,to have such different outcomes in terms of ,4.14,4.070000171661377,4.75,0.06999982833862273,0.6100000000000003
-wny0OAz3g8$_$9,-wny0OAz3g8,2,start,"income, ",4.14,4.070000171661377,4.75,0.06999982833862273,0.6100000000000003
-wny0OAz3g8$_$9,-wny0OAz3g8,2,end,"income, ",4.42,4.579999923706055,5.099999904632568,0.15999992370605476,0.6799999046325684
-wny0OAz3g8$_$9,-wny0OAz3g8,3,start,"education, ",4.62,4.579999923706055,5.099999904632568,0.04000007629394542,0.47999990463256825
-wny0OAz3g8$_$9,-wny0OAz3g8,3,end,"education, ",4.96,5.159999847412109,5.5,0.1999998474121094,0.54
-wny0OAz3g8$_$9,-wny0OAz3g8,4,start,and more,5.26,5.159999847412109,5.5,0.10000015258789041,0.2400000000000002
-wny0OAz3g8$_$9,-wny0OAz3g8,4,end,and more,5.5,5.53000020980835,6.0,0.03000020980834961,0.5
