path,size_bytes,sha256,modified_utc,phase,kind
PAPER_HANDOFF.md,8746,7eb240b6f210cf526f9c283c005f96a52d06697e12a5a85b8a10af17f7f87ace,2026-09-25T02:35:27.109096+00:00,PAPER_DELIVERY,md
README.md,5099,29430fa0242e7ed00bc71e843e912ce141e4a1d2202b2ea48bb0f07ee0c28916,2026-09-25T02:34:58.965327+00:00,PAPER_DELIVERY,md
ROADMAP.md,71576,878e2f122bc80c25458beedf5701ae0c21ad49470bc8316ffda9815cf3bf8855,2026-09-24T10:20:54.720585+00:00,GENERAL,md
artifacts/q1/comparison/server_all_100_repeat10/comparison_metrics.csv,18057,de5008f3390742778d67cb9d0d765c4f09b2975c643ef96de042482c838c2116,2026-09-24T07:19:28.579294+00:00,Q1,csv
artifacts/q1/comparison/server_all_100_repeat10/comparison_report.md,4275,f005db68d73ffffab874c36b9588c8cd23aa268231a156a1edf3c3094d2ff51e,2026-09-24T07:19:28.603467+00:00,Q1,md
artifacts/q1/comparison/server_all_100_repeat10/comparison_summary.json,45890,5d61a9946dd506251640ef2f59fd0d3080b06f0e2083fdedba00a063e813fd43,2026-09-24T07:19:28.635004+00:00,Q1,json
artifacts/q1/comparison/server_all_100_repeat10/pairwise_statistics.csv,8809,4190f5e72434b409cf730fbca5d67b68bdf687f9c83d4912b241963fefb202a0,2026-09-24T07:23:22.539352+00:00,Q1,csv
artifacts/q1/comparison/server_all_100_repeat10/pairwise_statistics.json,22240,1a61669360b92665ceac4720aa86a274b0ac888fbe757cfbbe24ea6538b3e1c3,2026-09-24T07:23:22.552730+00:00,Q1,json
artifacts/q1/comparison/server_all_100_repeat10/pairwise_statistics.md,4253,e57ff1da1ed43660edb3b5161e3c36a5f1a8476000e7f42865c85531201e485c,2026-09-24T07:23:22.567266+00:00,Q1,md
artifacts/q1/comparison/server_all_100_repeat10/selection_decision.json,4063,41187a63e2ed000f8a1d5012f0ad227ad4c2076a10617b5989b8f7ce0ead2670,2026-09-24T07:25:59.460585+00:00,Q1,json
artifacts/q1/comparison/server_all_100_repeat10/selection_decision.md,2744,a5e2ec34370c66df20e8468c070934460061550090d47a1721fcdc05e0ba9244,2026-09-24T07:26:21.052997+00:00,Q1,md
artifacts/q1/comparison/server_all_100_v2/comparison_metrics.csv,5951,b34ec3e4dc02cf020aee6268fd6b2ea72154b16c1e87688975550d52f900537e,2026-09-24T07:14:43.039225+00:00,Q1,csv
artifacts/q1/comparison/server_all_100_v2/comparison_report.md,3624,92054b3f36b0f0f3e02255fe8c92ae3a95b09ed310c5c71bc9864b6e4904ac90,2026-09-24T07:14:43.055823+00:00,Q1,md
artifacts/q1/comparison/server_all_100_v2/comparison_summary.json,22432,89387839dbc9548b88883dc9cc02fa6085b7cdeabaac190e28250f120151edc3,2026-09-24T07:14:43.080902+00:00,Q1,json
artifacts/q1/data_cleaning/README.md,923,dad921f2b210a46cca83288155a04eea5606c7b0b03df9a3a325d19640cd0ebc,2026-09-24T01:52:58.483349+00:00,Q1,md
artifacts/q1/data_cleaning/all_samples_quality.csv,41193,08f03d967a02bc3c7d3ac27a738cefd318583b47d02afe88bb264f8fc95979d7,2026-09-24T01:54:23.686521+00:00,Q1,csv
artifacts/q1/data_cleaning/excluded_samples.csv,379,56826043a933ed67879d9cb685f626f08ae4ec36c32b82fbd0cfd670f7965a5c,2026-09-24T01:54:23.689512+00:00,Q1,csv
artifacts/q1/data_cleaning/qualified_samples.csv,41193,08f03d967a02bc3c7d3ac27a738cefd318583b47d02afe88bb264f8fc95979d7,2026-09-24T01:54:23.688515+00:00,Q1,csv
artifacts/q1/data_cleaning/quality_report.json,2001,a57367aadb81968f5f942aa9422733df006052fbb16a531379a1b108be6d5fab,2026-09-24T01:54:23.785769+00:00,Q1,json
artifacts/q1/pipeline_smoke/feature_dictionary.md,3035,420ce8b731e0a84afc1b9426eb78fb531b3454b4bad7de056ad993842c7c9c4e,2026-09-24T04:26:42.982002+00:00,Q1,md
artifacts/q1/pipeline_smoke/q1_alignment.jsonl,0,e3b0c44298fc1c149afbf4c8996fb92427ae41e4649b934ca495991b7852b855,2026-09-24T04:26:42.525833+00:00,Q1,jsonl
artifacts/q1/pipeline_smoke/q1_manifest.csv,992,c6422e52b4b73681ef38bb8a85e9c9362f134144cbbc35014009b22b2a89f125,2026-09-24T04:26:42.982002+00:00,Q1,csv
artifacts/q1/pipeline_smoke/q1_processing_log.jsonl,2173,102d5169d079c711b5a9b52435d6c457d78e765aa73aaa9ebb37af2501352667,2026-09-24T04:26:42.982002+00:00,Q1,jsonl
artifacts/q1/pipeline_smoke/q1_summary.csv,203,08620213429b6a8dbf8d47dbfa53416eaf3dac48137daec231bb0c662eed3fb2,2026-09-24T04:26:43.037454+00:00,Q1,csv
artifacts/q1/pipeline_smoke/quality_audit.json,881,4b73f3f5e49e49d1050ac4484efc342f672c546a203446e27401ed08a2f465db,2026-09-24T04:26:43.037454+00:00,Q1,json
artifacts/q1/server_final_100/final_100.tar.gz,19510211,c679e23f2ddd79051f9a826b0fbd58b3f24489fa1b5d0279f51ac743aa61b3e3,2026-09-24T04:45:59.327418+00:00,Q1,gz
artifacts/q1/server_final_100/final_100/feature_dictionary.md,2987,42c089e95095849ef821774a0890de1f8d6dd7c8b94c70ac87ca9834fa6ac3f3,2026-09-24T04:42:09+00:00,Q1,md
artifacts/q1/server_final_100/final_100/features/-3g5yACwYnA__13.npz,144332,277b7764311498d0796e4893dd25c883a70b13374fa4c1166ed18e784cb7c5e3,2026-09-24T04:37:36+00:00,Q1,npz
artifacts/q1/server_final_100/final_100/features/-3g5yACwYnA__2.npz,206103,af97438a0b5d12da76adf059c381ea94cd4dd80f4a75a7958ec782ed68f678ea,2026-09-24T04:37:47+00:00,Q1,npz
artifacts/q1/server_final_100/final_100/features/-3g5yACwYnA__3.npz,340499,e6255eae04c434ae72e40b326b284c57191549b492fe457d6a6f2478b18fa709,2026-09-24T04:37:42+00:00,Q1,npz
artifacts/q1/server_final_100/final_100/features/-3g5yACwYnA__9.npz,220185,414cbd0bd60e8b0f2096845cb3f5024e52c94ca23d277b9f27ed2e4cfba1dbd3,2026-09-24T04:37:51+00:00,Q1,npz
artifacts/q1/server_final_100/final_100/features/-3nNcZdcdvU__5.npz,195971,dfa2390eeadafb69085ebc9dc21400b9b3ac5b88a5b7eebaa8bde31bdd768f19,2026-09-24T04:37:52+00:00,Q1,npz
artifacts/q1/server_final_100/final_100/features/-571d8cVauQ__0.npz,125988,379d3b0b790ca91bfa32e458b24f0079c13fc9295e6742fc389fe791a7957301,2026-09-24T04:40:27+00:00,Q1,npz
artifacts/q1/server_final_100/final_100/features/-571d8cVauQ__5.npz,401553,7eed9883b1489b6e22e68eea5156a0364045bf7dfa172c2128a4fc844e7d22a5,2026-09-24T04:40:31+00:00,Q1,npz
artifacts/q1/server_final_100/final_100/features/-6rXp3zJ3kc__8.npz,329506,1e62e010ee51fcc9a9233b2688c1f02165806f148deffb4fccef788a8593dd05,2026-09-24T04:40:49+00:00,Q1,npz
artifacts/q1/server_final_100/final_100/features/-9y-fZ3swSY__0.npz,191232,2780ed1c1e7856b3b35281fceabae8c99169fb421f9eb03718a93a795532a710,2026-09-24T04:40:52+00:00,Q1,npz
artifacts/q1/server_final_100/final_100/features/-9y-fZ3swSY__4.npz,79200,5ba6798cfc60f8af3b319cc2c1912c17d4737368e99db7f1d149faefdec4d004,2026-09-24T04:40:54+00:00,Q1,npz
artifacts/q1/server_final_100/final_100/features/-9y-fZ3swSY__8.npz,122089,8424cdf0dd64ea2ffae08405d7a058ec655a0e35412fb477b1d60adf52da106f,2026-09-24T04:40:56+00:00,Q1,npz
artifacts/q1/server_final_100/final_100/features/-AUZQgSxyPQ__2.npz,515702,91bae92ff37f4b1c9fb123ec3ce0b9c437683ba07ece649dfdcfddc8bf1d8101,2026-09-24T04:41:07+00:00,Q1,npz
artifacts/q1/server_final_100/final_100/features/-HeZS2-Prhc__2.npz,194636,073775255d1d9c15bd936899cf7de9a0b960a54bf6080116a3395840b6b0c6fe,2026-09-24T04:41:08+00:00,Q1,npz
artifacts/q1/server_final_100/final_100/features/-HwX2H8Z4hY__2.npz,89647,b4edfce7e471d86e095d7bada1b1496c38b4a0cc0f0b8625177447db49a7a28c,2026-09-24T04:37:54+00:00,Q1,npz
artifacts/q1/server_final_100/final_100/features/-HwX2H8Z4hY__5.npz,118935,0c159b810ea504aafa15479fc912476bae725d9e7a1d5856986c1a6fb90503c3,2026-09-24T04:37:57+00:00,Q1,npz
artifacts/q1/server_final_100/final_100/features/-HwX2H8Z4hY__6.npz,79182,5d675d1dc4ebd60bd4b694e38ebe9d56bc2f8b296851bdc2544cc3c6953672e6,2026-09-24T04:37:59+00:00,Q1,npz
artifacts/q1/server_final_100/final_100/features/-HwX2H8Z4hY__9.npz,201952,f449e8706479db0b2e1a77c1f94400fe574c480599acf532f1aee90b8ede3994,2026-09-24T04:38:02+00:00,Q1,npz
artifacts/q1/server_final_100/final_100/features/-I_e4mIh0yE__1.npz,187850,935eb8004840a9da5612b11a75d64481665f8a2c4623fac442b67b7df2670021,2026-09-24T04:40:33+00:00,Q1,npz
artifacts/q1/server_final_100/final_100/features/-I_e4mIh0yE__3.npz,227291,dff2ce5b910486a5d9db5c41576cb44a3eef14fb849a67eb963de91cfca35bfb,2026-09-24T04:40:35+00:00,Q1,npz
artifacts/q1/server_final_100/final_100/features/-MeTTeMJBNc__0.npz,228665,9dbf7ca0709e0ad1bb19770e19410e583fb5ff48269fae5afbbd1899fe6a6ed5,2026-09-24T04:41:10+00:00,Q1,npz
artifacts/q1/server_final_100/final_100/features/-MeTTeMJBNc__13.npz,139184,f285fb25f1f581fe11f6f2a0df4a78ae93d7529f1adce285e57d70b3ef352607,2026-09-24T04:41:11+00:00,Q1,npz
artifacts/q1/server_final_100/final_100/features/-MeTTeMJBNc__7.npz,283366,7adc05f54319dff424724293b4101063323840a1692d04f82b0e1ebc5874b4af,2026-09-24T04:41:13+00:00,Q1,npz
artifacts/q1/server_final_100/final_100/features/-NFrJFQijFE__1.npz,136909,6524d7d14f8d25cb5297c75eee7cfae9e2915ee617e2879dc241e6bf5127f4fe,2026-09-24T04:38:05+00:00,Q1,npz
artifacts/q1/server_final_100/final_100/features/-NFrJFQijFE__2.npz,167650,ad253c424070c6696af5cfb4402b6c837a89dc77bdc4ab74ac9139ce7aab3284,2026-09-24T04:38:08+00:00,Q1,npz
artifacts/q1/server_final_100/final_100/features/-RfYyzHpjk4__11.npz,145596,4e8cdc5b4194f627b8f33180416a1aa148aaf6744c2bd407dacfaeb1cfe36ab8,2026-09-24T04:41:16+00:00,Q1,npz
artifacts/q1/server_final_100/final_100/features/-RfYyzHpjk4__2.npz,177754,61f48dcb5938d8844166484e68d4995dc3b67c87433725c9e458cab0c88a519a,2026-09-24T04:41:21+00:00,Q1,npz
artifacts/q1/server_final_100/final_100/features/-RfYyzHpjk4__8.npz,136940,13400fbacefae78ad41a9092bda601ff04444f9eac5fe50b4d079ff0a89ca2ca,2026-09-24T04:41:18+00:00,Q1,npz
artifacts/q1/server_final_100/final_100/features/-THoVjtIkeU__12.npz,382037,2dc3d238f430f53b6e9ebb1ff6a99cac070b82aa78a79d18e3c4aeda5ec33468,2026-09-24T04:38:11+00:00,Q1,npz
artifacts/q1/server_final_100/final_100/features/-THoVjtIkeU__2.npz,108135,65dd781c6480dde2ca5b32df302a9f82e302349e338a20458406b5955c826fb4,2026-09-24T04:38:13+00:00,Q1,npz
artifacts/q1/server_final_100/final_100/features/-THoVjtIkeU__6.npz,235307,036f6450bfae2c243c9c5a6f6fd0356e2539cd5faf0407ea0ca0819ca92fa0b6,2026-09-24T04:38:15+00:00,Q1,npz
artifacts/q1/server_final_100/final_100/features/-UUCSKoHeMA__0.npz,193398,43edbac16126c1794a701ac288b46eacab98a2e86cd16513edecc1a0b99deedf,2026-09-24T04:41:22+00:00,Q1,npz
artifacts/q1/server_final_100/final_100/features/-UacrmKiTn4__10.npz,186674,a0b8edf7ddf834bc2ce86ffdac96bde9a3d8ea2c1190f306437fce03cdd2ea05,2026-09-24T04:40:37+00:00,Q1,npz
artifacts/q1/server_final_100/final_100/features/-UacrmKiTn4__4.npz,130146,c72132f639570bca7773348b39ea47782a50294c702a20e1b8931f0043146d48,2026-09-24T04:40:38+00:00,Q1,npz
artifacts/q1/server_final_100/final_100/features/-UuX1xuaiiE__0.npz,94797,f2b7dc66797da3f7399f420371ec12cf33d2607e744e19a828d52ea9a474af41,2026-09-24T04:38:22+00:00,Q1,npz
artifacts/q1/server_final_100/final_100/features/-UuX1xuaiiE__1.npz,266850,d1dc82e9add73c686880192aabb7e97eb747d22f47b4435ce132842c1e5fe78e,2026-09-24T04:38:20+00:00,Q1,npz
artifacts/q1/server_final_100/final_100/features/-UuX1xuaiiE__3.npz,102328,8a818929de78f68f8ace20fc735fbf9cecc612c135c9953dde10a4a750a2090e,2026-09-24T04:38:24+00:00,Q1,npz
artifacts/q1/server_final_100/final_100/features/-UuX1xuaiiE__6.npz,208262,28987408496fcffedc02a7964dfefbe37496f3aebc24a7dd12f64b763bb3ddf3,2026-09-24T04:38:28+00:00,Q1,npz
artifacts/q1/server_final_100/final_100/features/-a55Q6RWvTA__3.npz,590914,2ddebcba39b8c4c21c5492c6512e0c1768cc7b72c85e767f409fcb84b7170303,2026-09-24T04:38:32+00:00,Q1,npz
artifacts/q1/server_final_100/final_100/features/-aNfi7CP8vM__7.npz,208512,9eeba78b2fa0eb3c1eac95c43679549e411953c7e7a56fb3219019bb98c7068c,2026-09-24T04:38:34+00:00,Q1,npz
artifacts/q1/server_final_100/final_100/features/-aqamKhZ1Ec__0.npz,233069,b65b75fc7b51ff1af217916354bfc83e578915a4275ffaf7550829f7ffe5ce64,2026-09-24T04:38:38+00:00,Q1,npz
artifacts/q1/server_final_100/final_100/features/-dxfTGcXJoc__0.npz,473970,47f7fc4a42e2876704ef9efe0ec714a2884fca9d4e03900fbfecb93ddae97f77,2026-09-24T04:38:44+00:00,Q1,npz
artifacts/q1/server_final_100/final_100/features/-dxfTGcXJoc__1.npz,392403,bec6cede27687b9e2178084ed7695c4ec8a64c5eb26f4bec2f39534aa0d4f3a0,2026-09-24T04:38:41+00:00,Q1,npz
artifacts/q1/server_final_100/final_100/features/-dxfTGcXJoc__2.npz,399353,9d8f4f832a3bb64e7091d022b8179f8dc48bf52c9f205dea8866e9788d03493c,2026-09-24T04:38:47+00:00,Q1,npz
artifacts/q1/server_final_100/final_100/features/-dxfTGcXJoc__6.npz,305043,caf03906bf8aa96a8b0704fcabb5f28311d159cdf2e3e46cf635661bebe82940,2026-09-24T04:38:50+00:00,Q1,npz
artifacts/q1/server_final_100/final_100/features/-egA8-b7-3M__1.npz,241211,b42488cc9ce7a529856de259b7b742d97add55250b5480aebd15c8d4f72be8df,2026-09-24T04:39:03+00:00,Q1,npz
artifacts/q1/server_final_100/final_100/features/-egA8-b7-3M__13.npz,108513,718a215f26e1e60438ff96a0e8199d851dcddb13906f050420a4a2ea7e5ced60,2026-09-24T04:39:00+00:00,Q1,npz
artifacts/q1/server_final_100/final_100/features/-egA8-b7-3M__16.npz,133229,5c074f22123fee13f719129276c47d172adfe25a424fa66366c3718405ff6af6,2026-09-24T04:38:58+00:00,Q1,npz
artifacts/q1/server_final_100/final_100/features/-egA8-b7-3M__17.npz,176292,3b0a917e0534d7ae438ccbe71213c92ec27f08071fc5542d8c222071e2f45101,2026-09-24T04:38:54+00:00,Q1,npz
artifacts/q1/server_final_100/final_100/features/-egA8-b7-3M__18.npz,216666,1ca6e732d1297915a14d95cde6e5fab0ea3368e58e1928182cadbefb9d4464a8,2026-09-24T04:38:57+00:00,Q1,npz
artifacts/q1/server_final_100/final_100/features/-egA8-b7-3M__20.npz,179473,95f0ccae02c3d4bd212818bd2953dfddf81eb22b34c4dd6d73a511bf076e3b55,2026-09-24T04:39:08+00:00,Q1,npz
artifacts/q1/server_final_100/final_100/features/-egA8-b7-3M__26.npz,153978,d256e2d09e5356f32bb21d33da9bf673c4fc5b7c1ea622ca78effd4a8e34a816,2026-09-24T04:38:53+00:00,Q1,npz
artifacts/q1/server_final_100/final_100/features/-egA8-b7-3M__6.npz,148357,4cd70334719e78e7a6d9b540e322636541d34eb4303baf76d8357820bf3ef347,2026-09-24T04:39:05+00:00,Q1,npz
artifacts/q1/server_final_100/final_100/features/-egA8-b7-3M__9.npz,120549,af1d59d4193df88d4874cbfd922cc70665d92142e488947e316510c8d821b56e,2026-09-24T04:39:06+00:00,Q1,npz
artifacts/q1/server_final_100/final_100/features/-hnBHBN8p5A__6.npz,147715,3b9d85470a6144b2200816e49c8dc163ceb35d3de59d34dc405d2370e5c9d763,2026-09-24T04:40:45+00:00,Q1,npz
artifacts/q1/server_final_100/final_100/features/-hnBHBN8p5A__7.npz,168225,81fcf04c0514c31fc8bfb6e1890f41d1458076ea6a6fa95901fa9856a948da05,2026-09-24T04:40:42+00:00,Q1,npz
artifacts/q1/server_final_100/final_100/features/-iRBcNs9oI8__3.npz,118466,35bd885506c31abb967c91e593a1f0f2d2654fad1294ab1bbf9e05a021df835b,2026-09-24T04:39:11+00:00,Q1,npz
artifacts/q1/server_final_100/final_100/features/-iRBcNs9oI8__6.npz,67278,8189040079eeaab2fd3b7de2044ecadfb5c69ed0ab29a3bbfb5f649b68ef3e91,2026-09-24T04:39:14+00:00,Q1,npz
artifacts/q1/server_final_100/final_100/features/-iRBcNs9oI8__7.npz,99646,5b9077918a8fdf7a85c8420c9db591f34a084e50856c4efd9a771814ce7c193d,2026-09-24T04:39:13+00:00,Q1,npz
artifacts/q1/server_final_100/final_100/features/-iRBcNs9oI8__8.npz,201862,41926d0108c46a19868fbf24d161b3ad39eb6aa87b9323ccde9782a4bee041c4,2026-09-24T04:39:19+00:00,Q1,npz
artifacts/q1/server_final_100/final_100/features/-iRBcNs9oI8__9.npz,75892,cccf2bed15c7eae05c9f77e304491a17f1cd3c1bd9b3680cc08d37717275fbde,2026-09-24T04:39:16+00:00,Q1,npz
artifacts/q1/server_final_100/final_100/features/-lzEya4AM_4__5.npz,194647,a61fc9830b7c23efaa12553a9100c52fb6f52afb0c81c79aaa458de4a52aff86,2026-09-24T04:39:21+00:00,Q1,npz
artifacts/q1/server_final_100/final_100/features/-lzEya4AM_4__6.npz,394263,fdacee2eaa3b714e94d131ea991808506a987a3dbe0065e9da6688eb1a131beb,2026-09-24T04:39:25+00:00,Q1,npz
artifacts/q1/server_final_100/final_100/features/-mJ2ud6oKI8__1.npz,43702,04d19cf000f251be977fa62b3906e13fa35e42391537b2f79f38626828cc378a,2026-09-24T04:39:27+00:00,Q1,npz
artifacts/q1/server_final_100/final_100/features/-mJ2ud6oKI8__2.npz,47482,fd60fe7fbcab549f05d809905bd97dfcb5a7780533313c57475265a4a0c57826,2026-09-24T04:39:30+00:00,Q1,npz
artifacts/q1/server_final_100/final_100/features/-mJ2ud6oKI8__6.npz,57779,aa41e5eb5bc042042c852321e3f08ded41e628a962956dd4e5c5686a49eb0fbb,2026-09-24T04:39:32+00:00,Q1,npz
artifacts/q1/server_final_100/final_100/features/-mJ2ud6oKI8__8.npz,109818,e489f15c2f8710fc84c8785c0a431818fb72fa8691008a89f5b9757b82d643af,2026-09-24T04:39:37+00:00,Q1,npz
artifacts/q1/server_final_100/final_100/features/-mJ2ud6oKI8__9.npz,191518,d1b971c1f9107bb5fca308f0546043ddd3428b49ddfd7847ce4d544ab0bf3bde,2026-09-24T04:39:35+00:00,Q1,npz
artifacts/q1/server_final_100/final_100/features/-mqbVkbCndg__0.npz,157917,953207b4ea02e2bcd06c0deaf7bfd6f77065a6323593362a2f8ebb8d10709f23,2026-09-24T04:39:40+00:00,Q1,npz
artifacts/q1/server_final_100/final_100/features/-qDkUB0GgYY__6.npz,135337,f90fd0ff8b1dae2ca379b03e51fd53ca7bd6db14ab65a49187ab23b54ba94cea,2026-09-24T04:40:46+00:00,Q1,npz
artifacts/q1/server_final_100/final_100/features/-ri04Z7vwnc__0.npz,70172,97f3da7fb061463ed6ab9c18a51f2b3757a70b0695dfa5e884c68b5e5de1f94c,2026-09-24T04:41:23+00:00,Q1,npz
artifacts/q1/server_final_100/final_100/features/-ri04Z7vwnc__2.npz,147522,fa29077543b26f79ec73096366e883b2789657f42859c44552eabbd5f25ad6fe,2026-09-24T04:41:26+00:00,Q1,npz
artifacts/q1/server_final_100/final_100/features/-ri04Z7vwnc__5.npz,89029,c72cb236cdddc75ac0fb108b0d2e19d86881f18bbf64cef5831d178524a1932c,2026-09-24T04:41:28+00:00,Q1,npz
artifacts/q1/server_final_100/final_100/features/-s9qJ7ATP7w__0.npz,195879,d1b4f3a0c04398967d4db95c6d226229c7c4df393dc105b62441698808f61628,2026-09-24T04:41:34+00:00,Q1,npz
artifacts/q1/server_final_100/final_100/features/-s9qJ7ATP7w__1.npz,118151,f4b6babb5259f013c51ec8135e81fc681d3b316990723ad636b19077eb5aecd4,2026-09-24T04:41:30+00:00,Q1,npz
artifacts/q1/server_final_100/final_100/features/-s9qJ7ATP7w__4.npz,103610,deb4a9d7aeecf494db6191a58d282f71d11e2d8613f50edbde9dbeae1d06ef7f,2026-09-24T04:41:41+00:00,Q1,npz
artifacts/q1/server_final_100/final_100/features/-s9qJ7ATP7w__5.npz,206830,710fac1f004900971e4b0b107a764606d60b8aaf2cfe192bdc95470dc9339ae6,2026-09-24T04:41:38+00:00,Q1,npz
artifacts/q1/server_final_100/final_100/features/-s9qJ7ATP7w__6.npz,58402,faa8795708fdffee91eeb69daee05f9c2b2cce136e9731e674169f4eddecce03,2026-09-24T04:41:46+00:00,Q1,npz
artifacts/q1/server_final_100/final_100/features/-s9qJ7ATP7w__7.npz,205233,0420b8e623ae8edf4c46af336e0864ffe4cc66693850cebc34f77ae58926a52d,2026-09-24T04:41:45+00:00,Q1,npz
artifacts/q1/server_final_100/final_100/features/-s9qJ7ATP7w__8.npz,97173,00bd9b11a59ffe8956b3a0c72d0ff24bc39bfd24bfe12eeeb4d2380ea99c4efd,2026-09-24T04:41:48+00:00,Q1,npz
artifacts/q1/server_final_100/final_100/features/-t217m2on-s__2.npz,139757,c7a5b8d46dfc83e4d6e9d2f208a35b76acac1d83e18386c15a462d290ccb3d1a,2026-09-24T04:39:41+00:00,Q1,npz
artifacts/q1/server_final_100/final_100/features/-t217m2on-s__7.npz,440749,f3c8d22a3f6516305928b46f776cc6eceb160e6882ba78bbbf7a90d61a8c5bee,2026-09-24T04:39:44+00:00,Q1,npz
artifacts/q1/server_final_100/final_100/features/-tANM6ETl_M__3.npz,188019,faeeab20d83ece710454a2d1f056cea0684835b6f1184e4630d4e3deca18a0ac,2026-09-24T04:39:47+00:00,Q1,npz
artifacts/q1/server_final_100/final_100/features/-tPCytz4rww__10.npz,122151,fd3be38a79fb59acb465dc27fd892c868722e2616519a91bedada5377d21d301,2026-09-24T04:39:50+00:00,Q1,npz
artifacts/q1/server_final_100/final_100/features/-tPCytz4rww__11.npz,150941,a28e032492c5d3b8662b3bf316de72d715825ed39d039195d875df9a6b269fab,2026-09-24T04:39:49+00:00,Q1,npz
artifacts/q1/server_final_100/final_100/features/-tPCytz4rww__12.npz,285176,7753f9e95a86997817ef8189cb8dbde346eef5e48451fc3ecbab90f7cfb2958d,2026-09-24T04:39:52+00:00,Q1,npz
artifacts/q1/server_final_100/final_100/features/-tPCytz4rww__16.npz,176034,a26a126decf3529d500f9a85b5cc20f43c4ca62e26ab835a945c0d265faee7b9,2026-09-24T04:39:53+00:00,Q1,npz
artifacts/q1/server_final_100/final_100/features/-tPCytz4rww__18.npz,166731,06ba65696672391ce885aa13c2bd2589e23de738482e60d983dd5b2d0215cb19,2026-09-24T04:39:55+00:00,Q1,npz
artifacts/q1/server_final_100/final_100/features/-uywlfIYOS8__4.npz,163791,0dfa8036c867c090d23103565a1c1be32981da991933d6284d9515035625d485,2026-09-24T04:40:47+00:00,Q1,npz
artifacts/q1/server_final_100/final_100/features/-vxjVxOeScU__4.npz,226574,59f48b5159e56f11c2d86700a05fb99bafdaab4789f05f8232d9cb928d15d0f6,2026-09-24T04:39:57+00:00,Q1,npz
artifacts/q1/server_final_100/final_100/features/-wMB_hJL-3o__7.npz,177527,8080a610d9549d1ca4c808f4a1834347574ec612cf0df05f33e0d0304256e0e1,2026-09-24T04:39:58+00:00,Q1,npz
artifacts/q1/server_final_100/final_100/features/-wny0OAz3g8__0.npz,89657,261b45b9641ea39fbc730de4d4e911bd48ad62bdec97fa17f0629de9f8a1ec7f,2026-09-24T04:40:04+00:00,Q1,npz
artifacts/q1/server_final_100/final_100/features/-wny0OAz3g8__1.npz,192777,cd1a3b6a59dc7fb1378c0d9292f224815c41c1c99529e2c0c974c82291c38194,2026-09-24T04:40:02+00:00,Q1,npz
artifacts/q1/server_final_100/final_100/features/-wny0OAz3g8__2.npz,191119,44a6910b58694613c1fe2d81dc04e06396282c2da8ba983e5ac9d79fb83318e5,2026-09-24T04:40:12+00:00,Q1,npz
artifacts/q1/server_final_100/final_100/features/-wny0OAz3g8__3.npz,174574,45a0618d1c7d16297691e0f9ae90ee0a78f27348315bf170b75fd659355683c3,2026-09-24T04:40:08+00:00,Q1,npz
artifacts/q1/server_final_100/final_100/features/-wny0OAz3g8__5.npz,184945,83914c390d998bf6e4ed94335da228e718f224e6249af36a6c2e3ab77f0f67bb,2026-09-24T04:40:16+00:00,Q1,npz
artifacts/q1/server_final_100/final_100/features/-wny0OAz3g8__7.npz,233769,b81a4f440c84ba3368773bae49410ca73b8cd7a73064e85fc553be396b005f79,2026-09-24T04:40:22+00:00,Q1,npz
artifacts/q1/server_final_100/final_100/features/-wny0OAz3g8__9.npz,173265,2cfee8c41fcda6ae64889a8e2616c85775985b9ef0107b5460721b9742b65a60,2026-09-24T04:40:25+00:00,Q1,npz
artifacts/q1/server_final_100/final_100/features/-yRb-Jum7EQ__1.npz,646339,c6bc8085cfa93be6829b81a6de0d6836b8323af2d0c32ef1f3b77966800a3c5e,2026-09-24T04:42:00+00:00,Q1,npz
artifacts/q1/server_final_100/final_100/features/-yRb-Jum7EQ__5.npz,303630,048a99554b89c05db4abcf0b459bf35fa8258cb3c10bd3ad5f2ab0fea3a0ec41,2026-09-24T04:42:05+00:00,Q1,npz
artifacts/q1/server_final_100/final_100/features/-yRb-Jum7EQ__6.npz,252869,31b76ae78820ee5b10c48f3be69b8b7bcc9382fe6334b6c51289adcd391d20cc,2026-09-24T04:42:09+00:00,Q1,npz
artifacts/q1/server_final_100/final_100/metadata/-3g5yACwYnA__13.json,7067,7b3b66a1267ec6c1930648eb832dff42db77b9fcada2ca56043fc7453c09b119,2026-09-24T04:37:36+00:00,Q1,json
artifacts/q1/server_final_100/final_100/metadata/-3g5yACwYnA__2.json,9356,ca70c3bacd8c6ad139098a926ad71251b0601be2182ff53526cc54dcf9b968cc,2026-09-24T04:37:47+00:00,Q1,json
artifacts/q1/server_final_100/final_100/metadata/-3g5yACwYnA__3.json,12883,7900cecd6433993ec5ae09ed116140aad036a7b643cf62a07e5067737d18f1f5,2026-09-24T04:37:42+00:00,Q1,json
artifacts/q1/server_final_100/final_100/metadata/-3g5yACwYnA__9.json,9276,d3b0c43d25fffcc3c450d3e9b99090ec856ac4b6f0ab603bd7c5d08a420c65a8,2026-09-24T04:37:51+00:00,Q1,json
artifacts/q1/server_final_100/final_100/metadata/-3nNcZdcdvU__5.json,8504,560ed5c7a06fc2d05d4b1c12e05440ae1c1e1f999a9dd24f1717f04ee3f49f7d,2026-09-24T04:37:52+00:00,Q1,json
artifacts/q1/server_final_100/final_100/metadata/-571d8cVauQ__0.json,6569,4e9ea31f1724d97d34a568db84ac1f98e4333a41a42d7ebb4988ae664a6ffa4b,2026-09-24T04:40:27+00:00,Q1,json
artifacts/q1/server_final_100/final_100/metadata/-571d8cVauQ__5.json,13514,b6a94700d0e75ca5a19c7a7a199930769760850249ac530b2d5e6630a3d79dbe,2026-09-24T04:40:31+00:00,Q1,json
artifacts/q1/server_final_100/final_100/metadata/-6rXp3zJ3kc__8.json,11885,c3a70ee97f53db82490dfe0afa1e43841587ec45416c70d24452c4a709604b08,2026-09-24T04:40:49+00:00,Q1,json
artifacts/q1/server_final_100/final_100/metadata/-9y-fZ3swSY__0.json,8023,a8a3bf8bfd04302810ba8972f0d19694b9dbce7931c966a7343420c83e5e5500,2026-09-24T04:40:52+00:00,Q1,json
artifacts/q1/server_final_100/final_100/metadata/-9y-fZ3swSY__4.json,5161,3b9c812ae085c5aab9ffd3589aa40449293435fa23a0c33e2a5f5d68d66da673,2026-09-24T04:40:54+00:00,Q1,json
artifacts/q1/server_final_100/final_100/metadata/-9y-fZ3swSY__8.json,6053,bdae8b18aa34cc1d91d85f857f71fe51225ae6abe81af160b71bdec6a56060bf,2026-09-24T04:40:56+00:00,Q1,json
artifacts/q1/server_final_100/final_100/metadata/-AUZQgSxyPQ__2.json,18127,e4e917b6d176cbec3f09d6418a30ffaa0b06e5e00150c9843e732a214fe89f17,2026-09-24T04:41:07+00:00,Q1,json
artifacts/q1/server_final_100/final_100/metadata/-HeZS2-Prhc__2.json,8621,092060c1791822ab08d0b78ee5a95ce6de6639e527300e2576233ccfe3bbd631,2026-09-24T04:41:08+00:00,Q1,json
artifacts/q1/server_final_100/final_100/metadata/-HwX2H8Z4hY__2.json,5673,0e1a273171998b72f261eab23b93b526f007895ae00c16130fbd99092dd194cc,2026-09-24T04:37:54+00:00,Q1,json
artifacts/q1/server_final_100/final_100/metadata/-HwX2H8Z4hY__5.json,5894,808d63098ff45a3aa51656314a3032b7e30685d850e2e50f07c0421e8d2a85b1,2026-09-24T04:37:57+00:00,Q1,json
artifacts/q1/server_final_100/final_100/metadata/-HwX2H8Z4hY__6.json,5075,36ca2ab404f53635face67fb4f64beb1307341b271c9d738cbed8178320902fd,2026-09-24T04:37:59+00:00,Q1,json
artifacts/q1/server_final_100/final_100/metadata/-HwX2H8Z4hY__9.json,7992,e279ba6cd4ba4c282e9b887d3eb51c269eebe38c0582141e32c05eb61c54e370,2026-09-24T04:38:02+00:00,Q1,json
artifacts/q1/server_final_100/final_100/metadata/-I_e4mIh0yE__1.json,8341,cb0205fe4bf7b78a3551aa35913a12096a03817141df60b541526bcdbd1542f1,2026-09-24T04:40:33+00:00,Q1,json
artifacts/q1/server_final_100/final_100/metadata/-I_e4mIh0yE__3.json,9441,37175100d5510c897e73bd30ffff98425ecfef7c003050097df4b297e08eef51,2026-09-24T04:40:35+00:00,Q1,json
artifacts/q1/server_final_100/final_100/metadata/-MeTTeMJBNc__0.json,9387,bda8d7b0bebe48c92329486225d885b83596722f4b46ffd395efe3b2dc7424c3,2026-09-24T04:41:10+00:00,Q1,json
artifacts/q1/server_final_100/final_100/metadata/-MeTTeMJBNc__13.json,6856,adf663a2693c127a140fdf38293c0b0a1857507980ec13a48b1d5028338b978c,2026-09-24T04:41:11+00:00,Q1,json
artifacts/q1/server_final_100/final_100/metadata/-MeTTeMJBNc__7.json,10427,b4c981aece5c8919c58ec6710a56d6756a05baca0bf9b1cb4693985d5a9ab78d,2026-09-24T04:41:13+00:00,Q1,json
artifacts/q1/server_final_100/final_100/metadata/-NFrJFQijFE__1.json,5583,af2cedf2513a5f899ab49d409b4b01fe03d2f24e336f0dd637a329fc301fda2f,2026-09-24T04:38:05+00:00,Q1,json
artifacts/q1/server_final_100/final_100/metadata/-NFrJFQijFE__2.json,6948,e3da058a43bc161fe1e42d5277569d41fa7351d3f9f94c2340945ea829c4b7f1,2026-09-24T04:38:08+00:00,Q1,json
artifacts/q1/server_final_100/final_100/metadata/-RfYyzHpjk4__11.json,6810,ac1d2ba3fce00d72afce2c77af03654f2a544ee893a9209a42700f559c5221d3,2026-09-24T04:41:16+00:00,Q1,json
artifacts/q1/server_final_100/final_100/metadata/-RfYyzHpjk4__2.json,7307,01c4aa71fd583b7b0f99f061aaedcfb3507999b31a69a6453d3b928fc5a671a3,2026-09-24T04:41:21+00:00,Q1,json
artifacts/q1/server_final_100/final_100/metadata/-RfYyzHpjk4__8.json,6546,0264ce10b0342eeeeb4f8e4e393c483625ebe516de26918c3d768ba49ef564e8,2026-09-24T04:41:18+00:00,Q1,json
artifacts/q1/server_final_100/final_100/metadata/-THoVjtIkeU__12.json,13373,2aef8921b9dc91e10e3097c029144f7826c9bb52ed507d20c942be0bf01cb2f2,2026-09-24T04:38:11+00:00,Q1,json
artifacts/q1/server_final_100/final_100/metadata/-THoVjtIkeU__2.json,6112,38552947268e2e6412c7f9007b5dd55962355ab024f86b44de94fd9de912ae9a,2026-09-24T04:38:13+00:00,Q1,json
artifacts/q1/server_final_100/final_100/metadata/-THoVjtIkeU__6.json,8827,e27d0c2b8d2054697780e4b3d3ce4c27631ff68a5c301922bf3e4900b1fcfbb7,2026-09-24T04:38:15+00:00,Q1,json
artifacts/q1/server_final_100/final_100/metadata/-UUCSKoHeMA__0.json,8421,61580551000d3638392499fba1fb3c0b00f665af778209dc9708288612788891,2026-09-24T04:41:22+00:00,Q1,json
artifacts/q1/server_final_100/final_100/metadata/-UacrmKiTn4__10.json,8233,5885cd0555f9c9a41e7213e09ec2e7366a725d89b9a4c712c32ce5637c1f495a,2026-09-24T04:40:37+00:00,Q1,json
artifacts/q1/server_final_100/final_100/metadata/-UacrmKiTn4__4.json,6544,ea64269ece9a1120e88cb4fd6d13dc61ab13da612e12810d8cf76b3b0fc532d2,2026-09-24T04:40:38+00:00,Q1,json
artifacts/q1/server_final_100/final_100/metadata/-UuX1xuaiiE__0.json,5805,b5ced978994acb640a8a7507d862eb6bed22fbf0ab83953bf65cfef03e66bac7,2026-09-24T04:38:22+00:00,Q1,json
artifacts/q1/server_final_100/final_100/metadata/-UuX1xuaiiE__1.json,10292,62e1a0a0de36ed63b0dd8ca954794087940aaa571bbb266168fa85ca6f9cd152,2026-09-24T04:38:20+00:00,Q1,json
artifacts/q1/server_final_100/final_100/metadata/-UuX1xuaiiE__3.json,6002,6890ac84daa9a9c787e24b90a32600e7a7bed3fbc285aacd91095b99f5fb0fcf,2026-09-24T04:38:24+00:00,Q1,json
artifacts/q1/server_final_100/final_100/metadata/-UuX1xuaiiE__6.json,8787,16d0b71281758c5de139c69412eac6d9bd227688febaf31553d6e3903fa5ea20,2026-09-24T04:38:28+00:00,Q1,json
artifacts/q1/server_final_100/final_100/metadata/-a55Q6RWvTA__3.json,18279,9f25a92ed530ac9b0962d7a912676c46d2143f7fe7aab76e6b3f19f18cc4d8ea,2026-09-24T04:38:32+00:00,Q1,json
artifacts/q1/server_final_100/final_100/metadata/-aNfi7CP8vM__7.json,8980,c412adcc42af579b78508470e59f99d52ca9da604d759de2417b23b34713a266,2026-09-24T04:38:34+00:00,Q1,json
artifacts/q1/server_final_100/final_100/metadata/-aqamKhZ1Ec__0.json,10335,da613cd03bc4d47e282c07393efadc2853a2f6b13ac9c0114ed71a88b427152b,2026-09-24T04:38:38+00:00,Q1,json
artifacts/q1/server_final_100/final_100/metadata/-dxfTGcXJoc__0.json,15484,c259aef6ae54421e0177b31ae983a1f59b6485d19dc7af7ac2f71d98c76b3f78,2026-09-24T04:38:44+00:00,Q1,json
artifacts/q1/server_final_100/final_100/metadata/-dxfTGcXJoc__1.json,13973,62414f79058b4e607baa74af73b30ee98316745151c9dad4babea7f021c64b24,2026-09-24T04:38:41+00:00,Q1,json
artifacts/q1/server_final_100/final_100/metadata/-dxfTGcXJoc__2.json,14321,b7db48f17cbfb12f9ca52be872ea3796e1613859ae367cec2bca9f06efebfbdc,2026-09-24T04:38:47+00:00,Q1,json
artifacts/q1/server_final_100/final_100/metadata/-dxfTGcXJoc__6.json,11729,b519310724784f6e3080cb2e9054b6d451b3c8b9d6fa689186ea0769cacff742,2026-09-24T04:38:50+00:00,Q1,json
artifacts/q1/server_final_100/final_100/metadata/-egA8-b7-3M__1.json,10032,aaeef486370a94fe4736fba62ef808dbf226995ce849d93ffc6d4df1574efdd8,2026-09-24T04:39:03+00:00,Q1,json
artifacts/q1/server_final_100/final_100/metadata/-egA8-b7-3M__13.json,6092,94984271ed0cf2f268af23db0b0f85ca787b3d88d540c7174014acb177fc1d8f,2026-09-24T04:39:00+00:00,Q1,json
artifacts/q1/server_final_100/final_100/metadata/-egA8-b7-3M__16.json,6987,ebdc8426f55cb02a1d8cddc7476a865a56e4ef53b35611afa2b6a252ec364335,2026-09-24T04:38:58+00:00,Q1,json
artifacts/q1/server_final_100/final_100/metadata/-egA8-b7-3M__17.json,8056,9b58ce0c68f90d103c142e7d315c7058cbdb8a78d69997d7bb030e09d1d91858,2026-09-24T04:38:54+00:00,Q1,json
artifacts/q1/server_final_100/final_100/metadata/-egA8-b7-3M__18.json,8966,728c99b78e455f82aaafefbbecb73df792c64512928a1c96941b4595923adadf,2026-09-24T04:38:57+00:00,Q1,json
artifacts/q1/server_final_100/final_100/metadata/-egA8-b7-3M__20.json,7781,49c2d8d1cf4296ac683019a92d7ee8d93e765b41184b8a0e2e7e273c9a4fedf6,2026-09-24T04:39:08+00:00,Q1,json
artifacts/q1/server_final_100/final_100/metadata/-egA8-b7-3M__26.json,7323,ff888ecc28684ead9821094d009300569e1362ecf129146dd1a52fc766b27c6e,2026-09-24T04:38:53+00:00,Q1,json
artifacts/q1/server_final_100/final_100/metadata/-egA8-b7-3M__6.json,7462,9148c62857d3e53755f53f4d826fc7fcce4b786d028d517235eced11fe33a841,2026-09-24T04:39:05+00:00,Q1,json
artifacts/q1/server_final_100/final_100/metadata/-egA8-b7-3M__9.json,6598,c7d55044e8a0e41f1d106a475ad6d214193ca1e8a9599e9f4cd8db4ccedea6c4,2026-09-24T04:39:06+00:00,Q1,json
artifacts/q1/server_final_100/final_100/metadata/-hnBHBN8p5A__6.json,6684,ea3b4454d9c00db3c05833faefdb3b8538cc0d21a382b7ff01548dd2fe53c941,2026-09-24T04:40:45+00:00,Q1,json
artifacts/q1/server_final_100/final_100/metadata/-hnBHBN8p5A__7.json,7849,0ced96ec43a07f1556833b6251a33ad0ef5bef772234c1b6508a8770a7d161d3,2026-09-24T04:40:42+00:00,Q1,json
artifacts/q1/server_final_100/final_100/metadata/-iRBcNs9oI8__3.json,6243,531f6fd0a5c927587ce2118f7d5543890c5f443c81e2ee9542e57afe884bc12b,2026-09-24T04:39:11+00:00,Q1,json
artifacts/q1/server_final_100/final_100/metadata/-iRBcNs9oI8__6.json,4897,9ef341e2307c8a915cef38381b4d899c9eac836df3c45c95870b4f9ef15e0333,2026-09-24T04:39:14+00:00,Q1,json
artifacts/q1/server_final_100/final_100/metadata/-iRBcNs9oI8__7.json,5567,03c3e32e527dd9922a8e4ca876fa949231765bf1fb7221545914470de5180363,2026-09-24T04:39:13+00:00,Q1,json
artifacts/q1/server_final_100/final_100/metadata/-iRBcNs9oI8__8.json,7761,7c54f26a25630ea40ba0c4aa6efe7fe4f4b3320dd6e2bc1ca0f63defe7a81bd8,2026-09-24T04:39:19+00:00,Q1,json
artifacts/q1/server_final_100/final_100/metadata/-iRBcNs9oI8__9.json,5267,a5db11cd2b62834b1807a701346c2bf43922ae60ad5195bf27eb2efc8bb6ad6f,2026-09-24T04:39:16+00:00,Q1,json
artifacts/q1/server_final_100/final_100/metadata/-lzEya4AM_4__5.json,8390,a22d03e45c073cca1c900a7b534dc0e6bb32ebc3b7f214069272530744ed25e6,2026-09-24T04:39:21+00:00,Q1,json
artifacts/q1/server_final_100/final_100/metadata/-lzEya4AM_4__6.json,13300,603cc536cedb4c61ad351548b362003fc43fbc8a0ab7d7394564a09c13a2f98b,2026-09-24T04:39:25+00:00,Q1,json
artifacts/q1/server_final_100/final_100/metadata/-mJ2ud6oKI8__1.json,5539,6a91feb63eaa3e9bb66e8a5d90de6a83421e0e5cbebb6627510aececfc64803c,2026-09-24T04:39:27+00:00,Q1,json
artifacts/q1/server_final_100/final_100/metadata/-mJ2ud6oKI8__2.json,6573,bd133b7fb994dbc6d8010efa6684b19fb5999b159a081dda51557dd3b51d1f6f,2026-09-24T04:39:30+00:00,Q1,json
artifacts/q1/server_final_100/final_100/metadata/-mJ2ud6oKI8__6.json,4814,3d02ae89170c39c23b8b98734072ce5eea21e82edfe7e55cd6a68dcb532dc180,2026-09-24T04:39:32+00:00,Q1,json
artifacts/q1/server_final_100/final_100/metadata/-mJ2ud6oKI8__8.json,6146,8757f25e2374149d2d4554889e381dcabac1740d21ae9dd7008664af58bf5099,2026-09-24T04:39:37+00:00,Q1,json
artifacts/q1/server_final_100/final_100/metadata/-mJ2ud6oKI8__9.json,8133,52822d09978260df0cf806e76b5e09af6aea2da3c7ae26a2fe6efac598ca7b70,2026-09-24T04:39:35+00:00,Q1,json
artifacts/q1/server_final_100/final_100/metadata/-mqbVkbCndg__0.json,7589,839c35319d85c1d46c6c79bc0c6f2d96d877fde016409892ce05d15729fe1bdb,2026-09-24T04:39:40+00:00,Q1,json
artifacts/q1/server_final_100/final_100/metadata/-qDkUB0GgYY__6.json,6533,bfa37ae905043f2aaf39fc2182bd9faa2653f0be5a0fdce9dd65c2bdc2b6830f,2026-09-24T04:40:46+00:00,Q1,json
artifacts/q1/server_final_100/final_100/metadata/-ri04Z7vwnc__0.json,4392,f1d63a418b948ec05a4aec03a1cf52158b005f088372405babd8c42f40809bed,2026-09-24T04:41:23+00:00,Q1,json
artifacts/q1/server_final_100/final_100/metadata/-ri04Z7vwnc__2.json,6271,41046f51ad614a6b99d2d8385c320669fa7ae06991b34e8ce0d42836e55b3f65,2026-09-24T04:41:26+00:00,Q1,json
artifacts/q1/server_final_100/final_100/metadata/-ri04Z7vwnc__5.json,5603,9ebadaee89e583a95d8b6d579f562edfe544eb0286944f9b832bc01640dc5a3b,2026-09-24T04:41:28+00:00,Q1,json
artifacts/q1/server_final_100/final_100/metadata/-s9qJ7ATP7w__0.json,8011,f891cbb47b8a2179c102a550a81ac8e4084f909aff6f368ebbce4922b0be4ee4,2026-09-24T04:41:34+00:00,Q1,json
artifacts/q1/server_final_100/final_100/metadata/-s9qJ7ATP7w__1.json,6441,e2f6f38d8a0c877cf249e9304529bca9eaeac59190dc864d90979521eb941854,2026-09-24T04:41:30+00:00,Q1,json
artifacts/q1/server_final_100/final_100/metadata/-s9qJ7ATP7w__4.json,5995,62b8c99317b46fb3a0c75b1fade5661e7ba54f5b8218556073f344ef340cbd59,2026-09-24T04:41:41+00:00,Q1,json
artifacts/q1/server_final_100/final_100/metadata/-s9qJ7ATP7w__5.json,8846,449297cd419c3b3c7b53c6d41a9fd73a58130f8c8a8bfed259022c8568b4b4b2,2026-09-24T04:41:38+00:00,Q1,json
artifacts/q1/server_final_100/final_100/metadata/-s9qJ7ATP7w__6.json,4725,0cfff059f0781b4c8bf5153e93833dfc3901976e2f199b6a1d2b48958933aa92,2026-09-24T04:41:46+00:00,Q1,json
artifacts/q1/server_final_100/final_100/metadata/-s9qJ7ATP7w__7.json,7805,da878a9c885147ee58a5f457e3ed7485adf385a17e3434ae1fade7fa131c530e,2026-09-24T04:41:45+00:00,Q1,json
artifacts/q1/server_final_100/final_100/metadata/-s9qJ7ATP7w__8.json,5614,2144560e112232b214bd5b86aeb4e865b7976fc9d7e38995785ea957d09efec0,2026-09-24T04:41:48+00:00,Q1,json
artifacts/q1/server_final_100/final_100/metadata/-t217m2on-s__2.json,6999,ea86393a9a7c586e7c57065da1cb34ff3dc7e0ed442df11b544c3a20edb2172d,2026-09-24T04:39:41+00:00,Q1,json
artifacts/q1/server_final_100/final_100/metadata/-t217m2on-s__7.json,14749,2d0a5a707ba1d29c90063dce7650f23e7b0f9f46b18d546fc50b2ba89f4d55c5,2026-09-24T04:39:44+00:00,Q1,json
artifacts/q1/server_final_100/final_100/metadata/-tANM6ETl_M__3.json,7862,55de5c6e19d27eacbd21b06cefd4f46f85997eb2d8235a7dc85a765814421f48,2026-09-24T04:39:47+00:00,Q1,json
artifacts/q1/server_final_100/final_100/metadata/-tPCytz4rww__10.json,6448,8978914f68dc27903d3420cb3aeb681123d7a5717d07bc314d4d374eb2f86550,2026-09-24T04:39:50+00:00,Q1,json
artifacts/q1/server_final_100/final_100/metadata/-tPCytz4rww__11.json,7058,16f00fc902f0290b66f877c3221757aea6accae37c7c587fb48dd0327b6a14c1,2026-09-24T04:39:49+00:00,Q1,json
artifacts/q1/server_final_100/final_100/metadata/-tPCytz4rww__12.json,11067,65ea897d44572988adc1f688188ef5392b46a3488081c641fbc9c0cea9f822cb,2026-09-24T04:39:52+00:00,Q1,json
artifacts/q1/server_final_100/final_100/metadata/-tPCytz4rww__16.json,7976,0da3f0dbfd64242fb8fd6f310539a3c254565893e4ec591939390c9278058c32,2026-09-24T04:39:53+00:00,Q1,json
artifacts/q1/server_final_100/final_100/metadata/-tPCytz4rww__18.json,7710,49089ab2bc4b9f194f1354f5316c7e8c7135b7dac8ca7dbd3deb2b9c368a7afc,2026-09-24T04:39:55+00:00,Q1,json
artifacts/q1/server_final_100/final_100/metadata/-uywlfIYOS8__4.json,7321,765f015f1c11f04799b95d560a8c719a67662f6b2a8e0a91e7bd50fd20ff8f1e,2026-09-24T04:40:47+00:00,Q1,json
artifacts/q1/server_final_100/final_100/metadata/-vxjVxOeScU__4.json,9283,9c4279ffdd0826cd6fe83466b88f768b897e29393b63f19d3eb1152e0d0af33f,2026-09-24T04:39:57+00:00,Q1,json
artifacts/q1/server_final_100/final_100/metadata/-wMB_hJL-3o__7.json,7524,1ce48b782ed0dc3fff07954e98b8b9a2a143ac176b5c3acf07aa7d84988bc475,2026-09-24T04:39:58+00:00,Q1,json
artifacts/q1/server_final_100/final_100/metadata/-wny0OAz3g8__0.json,5579,b384b3fd9d28e93df1309dedb7a10d795a4208836a375f3341e46a4e55538776,2026-09-24T04:40:04+00:00,Q1,json
artifacts/q1/server_final_100/final_100/metadata/-wny0OAz3g8__1.json,8203,0b68fd261786dd268d817a6dd62cb98f2821d639ffa031b9a40237d114aa0886,2026-09-24T04:40:02+00:00,Q1,json
artifacts/q1/server_final_100/final_100/metadata/-wny0OAz3g8__2.json,7978,7c64c5e171f46b791a88f16417e8d733b537e3783587b48dcf44c99f02fee7a5,2026-09-24T04:40:12+00:00,Q1,json
artifacts/q1/server_final_100/final_100/metadata/-wny0OAz3g8__3.json,7650,21ad0cdf3976d8c8dc0dd9b4909b54e189e756c3c26479198c5d61748c95787f,2026-09-24T04:40:08+00:00,Q1,json
artifacts/q1/server_final_100/final_100/metadata/-wny0OAz3g8__5.json,8052,0f69676fe4b136c354babba17dbd3c575659c812d69db3ec9c782ef4d9f830c8,2026-09-24T04:40:16+00:00,Q1,json
artifacts/q1/server_final_100/final_100/metadata/-wny0OAz3g8__7.json,8979,6207bfa724c9f1be0b82aeb9eb495720c3e05220bce644832c9f3f39a114a90c,2026-09-24T04:40:22+00:00,Q1,json
artifacts/q1/server_final_100/final_100/metadata/-wny0OAz3g8__9.json,7612,b34afda73faa6552535fd8e102e8904b239bd82903c04ee328dc628316bca059,2026-09-24T04:40:25+00:00,Q1,json
artifacts/q1/server_final_100/final_100/metadata/-yRb-Jum7EQ__1.json,22510,c8076392615e5b1c020d0d1c54c0176e525b4dfe3cfeb5ec96d9fe7d5fcec5cc,2026-09-24T04:42:00+00:00,Q1,json
artifacts/q1/server_final_100/final_100/metadata/-yRb-Jum7EQ__5.json,12008,9959caf97bd73c74b23e6cdfca68a9e82b924d826babf8d5b96e27e700b2fb5e,2026-09-24T04:42:05+00:00,Q1,json
artifacts/q1/server_final_100/final_100/metadata/-yRb-Jum7EQ__6.json,10556,832fae9228cd1b1ace6fa0b9f8f3901e2e2532c39274e06e484c52e687377748,2026-09-24T04:42:09+00:00,Q1,json
artifacts/q1/server_final_100/final_100/pipeline_environment.json,955,3a810a82419a6e80baa225294caa6651129608b77929b3b989994f1865561453,2026-09-24T04:45:41+00:00,Q1,json
artifacts/q1/server_final_100/final_100/q1_alignment.jsonl,316006,47f7612454b1127afe39f1f564a98665f0853c336affaf5ac9199fa83b702bbe,2026-09-24T04:42:09+00:00,Q1,jsonl
artifacts/q1/server_final_100/final_100/q1_manifest.csv,53128,27b79adc202b6a934220406ca65d15cb7946712819efdec4ff1372f9731962a8,2026-09-24T04:42:09+00:00,Q1,csv
artifacts/q1/server_final_100/final_100/q1_processing_log.jsonl,22124,278bc586478c4e8327ff687b909b2271003b0f757de09a2a13f6a4c0be58c4e4,2026-09-24T04:42:09+00:00,Q1,jsonl
artifacts/q1/server_final_100/final_100/q1_summary.csv,9665,b45f314a3321e6926be4f4812a1d6888b3812bdda996107c53c23d4c1ed2f63a,2026-09-24T04:42:09+00:00,Q1,csv
artifacts/q1/server_final_100/final_100/quality_audit.json,1062,198b246edea52ed2f530fb90d854a809376de3e930ffcdae460262468998129f,2026-09-24T04:45:41+00:00,Q1,json
artifacts/q1/server_final_100/final_100/typical_alignment_example.csv,1427,391db6e4b253498964c818336a18bf491ea4b8c6016cc2450477149d18efa78a,2026-09-24T04:42:09+00:00,Q1,csv
artifacts/q1/server_final_100/final_100/typical_alignment_example.png,17466,e3796db127db456dc91fc8aa98386c29697bacdd862d3ac51a25ea59f4f08389,2026-09-24T04:42:09+00:00,Q1,png
artifacts/q2/archive/M0_seed42_C2/ROADMAP_before_M3_20260924_181939.md,70058,a98e33371ded7f958b5c095fda5563e163556cd8a2d7a0105e22255d775fbfc6,2026-09-24T07:28:26.552104+00:00,Q2,md
artifacts/q2/archive/M0_seed42_C2/freeze_manifest.json,4012,ba74cc0c0c21d532ac99721b4d24d99ed4efd163eb5343b7a7a34786d4006748,2026-09-24T08:40:29.726751+00:00,Q2,json
artifacts/q2/archive/M0_seed42_C2/submission/attachment3_predictions.csv,1391,eb6a14c3737460470fa3be1f5e761e2d5a01a2ed976e7e8f3bba2820619a3c7e,2026-09-24T08:34:50.499169+00:00,Q2,csv
artifacts/q2/archive/M0_seed42_C2/submission/attachment3_predictions.json,9234,42010d3e52ad3751ea2c767d54e993ad9f0883f57a5bd1b41dd5a2bb85d73954,2026-09-24T08:34:48.756443+00:00,Q2,json
artifacts/q2/archive/M0_seed42_C2/submission/q2_predictions.csv,1391,eb6a14c3737460470fa3be1f5e761e2d5a01a2ed976e7e8f3bba2820619a3c7e,2026-09-24T08:34:50.499169+00:00,Q2,csv
artifacts/q2/archive/M0_seed42_C2/submission_manifest.json,4467,e85ad8088733a55e050f4d088c0b349610dee2d7ac88c31af038255973246267,2026-09-24T08:41:05.622175+00:00,Q2,json
artifacts/q2/archive/M0_seed42_C2/test_final/test_test_evaluation.json,129486,0586124adb52d3c66e4ee3285d83cce76bbb4c5214bccd28dab5ca91a788dd7c,2026-09-24T08:27:52.640453+00:00,Q2,json
artifacts/q2/archive/M0_seed42_C2/test_final/test_test_full.npz,13627,bde1350ec91c671e21ef2ceba002f7b3e65a69126b2330913ea53bdf66b69269,2026-09-24T08:27:52.656467+00:00,Q2,npz
artifacts/q2/c3_reference/attachment3_predictions_c3.csv,1393,ca9710db9f27c12ecad0262429f1f279d84684a0403e74a90df2115bfe8e4ae0,2026-09-24T08:27:54.368616+00:00,Q2,csv
artifacts/q2/c3_reference/attachment3_predictions_c3.json,9245,cd20bc2efa59b2b79a8d65a90dc896348b0fb1a44fee1a308a329095556831c0,2026-09-24T08:27:54.404028+00:00,Q2,json
artifacts/q2/evaluation/B2_seed42/valid_valid_evaluation.json,129632,905f846f000feceabe4ed47ba661ffe938b97c5980ac4e2999fc5be9678b1b5f,2026-09-24T08:24:10.439805+00:00,Q2,json
artifacts/q2/evaluation/B2_seed42/valid_valid_full.npz,13669,17a23479728bdc6bdfa056c98516c089a5a3c060272a35fe774fa0ab841f90c0,2026-09-24T08:24:10.419894+00:00,Q2,npz
artifacts/q2/evaluation/B3_seed42/valid_valid_evaluation.json,129769,5f09849e6307cea0a59eca3c4880c62f21b3030e9d9abf94c47cca040a94aac9,2026-09-24T08:24:10.341736+00:00,Q2,json
artifacts/q2/evaluation/B3_seed42/valid_valid_full.npz,13722,12d9eaef6856ae00a2a5e340bb1f207041e5992d316edba7da98349fe90881ac,2026-09-24T08:24:10.313053+00:00,Q2,npz
artifacts/q2/evaluation/B4_seed42/valid_valid_evaluation.json,129723,250243671925a83bf9cf09b3473aeccb8837f4349256e1a4584b44dd6690eda2,2026-09-24T08:24:10.385034+00:00,Q2,json
artifacts/q2/evaluation/B4_seed42/valid_valid_full.npz,13642,7adee36afc943c250e126d3e11bb5f1308f7c549b7593bfa93cf11e2a0b1fba8,2026-09-24T08:24:10.363418+00:00,Q2,npz
artifacts/q2/evaluation/B4_seed43/valid_valid_evaluation.json,129712,56a0b97190eefe3e8f3587555012e09151ae7737240f86865ecc6b42b71fb2f2,2026-09-24T08:24:10.599728+00:00,Q2,json
artifacts/q2/evaluation/B4_seed43/valid_valid_full.npz,13698,7182d07c8613f9c91fa059c1d19b0f4e498fc0a233ee5645a08a4cbac475e294,2026-09-24T08:24:10.576460+00:00,Q2,npz
artifacts/q2/evaluation/B4_seed44/valid_valid_evaluation.json,129278,720322db58923e995a3fd1b209ffbb6cb731e9ee6953adeb0a0b1cbef35b3baa,2026-09-24T08:24:10.284426+00:00,Q2,json
artifacts/q2/evaluation/B4_seed44/valid_valid_full.npz,13681,f4d2ed72df9995832dea8a00507a622df4de0d48858e89f411c1d684696c5ab0,2026-09-24T08:24:10.258691+00:00,Q2,npz
artifacts/q2/evaluation/B5_seed42/valid_valid_evaluation.json,129753,49ac460d08f1a726d7021d0234d8fc110cd5433a6a178d745727378d54e20770,2026-09-24T08:26:28.957330+00:00,Q2,json
artifacts/q2/evaluation/B5_seed42/valid_valid_full.npz,13683,9034fac197080354aa1345e12d814641e6a50321b2028c35f2fd5db2c745ae55,2026-09-24T08:26:28.928945+00:00,Q2,npz
artifacts/q2/evaluation/M0_seed42/valid_valid_evaluation.json,129734,eede17dd126032b396db6dafeb6e2d61dc14f5504a3c14b034a1b993f723e6fa,2026-09-24T08:24:10.553654+00:00,Q2,json
artifacts/q2/evaluation/M0_seed42/valid_valid_full.npz,13668,9d1fc717a2ee7479fa58520f75c7a45a4c5352345ca119e5575ea62196db73df,2026-09-24T08:24:10.464762+00:00,Q2,npz
artifacts/q2/evaluation/M0_seed43/valid_valid_evaluation.json,129651,4900c0d9fe1c0706295e45712fa5b41c2827a111ececcf2c43a1581c884b25d8,2026-09-24T08:24:10.694772+00:00,Q2,json
artifacts/q2/evaluation/M0_seed43/valid_valid_full.npz,13692,087a7ac5710fb125a881bc9337192af82d69ea3254d02a6115dc9f144d128d20,2026-09-24T08:24:10.675025+00:00,Q2,npz
artifacts/q2/evaluation/M0_seed44/valid_valid_evaluation.json,129134,c13528d45afdbb28a0d0e3b48933c1a8fb977278a3288d1854a8fd72e75c36d8,2026-09-24T08:24:10.647815+00:00,Q2,json
artifacts/q2/evaluation/M0_seed44/valid_valid_full.npz,13669,fcf9193610253472387b29bedecd03cbad036d387e5094b1bd94668e7c452d0c,2026-09-24T08:24:10.625943+00:00,Q2,npz
artifacts/q2/evaluation/q2_validation_summary.json,437255,1169577fd2a022d5c0c3a1d8826bec6bbe11e0a69ccedfb8a4b5a2d2a136fffa,2026-09-24T08:26:29.142871+00:00,Q2,json
artifacts/q2/evaluation/q2_validation_summary.md,2361,3b654cd9c5cd226652e9ee11bd89d433068e76c46d260ad6af5c3650557a5c12,2026-09-24T08:26:29.142871+00:00,Q2,md
artifacts/q2/evaluation/screen_validation_results.json,29529,628a11d645ac53d4d0c2276c820ee32b504e002f6e296fea83569835828fb727,2026-09-24T08:41:36.862258+00:00,Q2,json
artifacts/q2/freeze_manifest.json,6919,79e2f9b0d197fa7d7b1fd70bedc0e9b7492003b829af11612b2f7d1100dd7f7d,2026-09-24T10:17:29.514116+00:00,Q2,json
artifacts/q2/robustness_analysis_fixed5/mask_integrity.json,278,e44d97ca7d5ff3373d8f57cefd89e1d929745df80829e04b82a6e0e5d8dad4bf,2026-09-24T09:28:10.217736+00:00,Q2,json
artifacts/q2/robustness_analysis_fixed5/q2_robustness_analysis.json,72394,ee46080d5c70338920b84779fe226a7816819e281e251c08f1e38a89225c41ce,2026-09-24T09:28:40.829742+00:00,Q2,json
artifacts/q2/robustness_analysis_fixed5/q2_robustness_analysis.md,8793,ce2a8ffa9841660a28b50386c9d77f28d017ffbeea26e1e190c58657242b9413,2026-09-24T09:28:40.837677+00:00,Q2,md
artifacts/q2/robustness_eval_fixed5/B2_seed42/valid_valid_evaluation.json,158521,5833056e38a5c8d224baaa85fd0aa41e8d81fe91d7dd16fcff27f76b4950d3ab,2026-09-24T09:28:00.783369+00:00,Q2,json
artifacts/q2/robustness_eval_fixed5/B2_seed42/valid_valid_full.npz,11249,72509ea2d8a7f4f2051ea1c94994e7b99c147ba32f81e47f5ab650cc6334c625,2026-09-24T09:28:00.749547+00:00,Q2,npz
artifacts/q2/robustness_eval_fixed5/B2_seed43/valid_valid_evaluation.json,158465,4b89acfe9115a2de5bab84df6306b0bf14c5d5e899831544db2c4de45ee76263,2026-09-24T09:28:00.859684+00:00,Q2,json
artifacts/q2/robustness_eval_fixed5/B2_seed43/valid_valid_full.npz,11256,22749c7aa64a8cbd4564d1cbb84b5e68fcfff9bd83330f03d3d4e05faa601d7f,2026-09-24T09:28:00.824663+00:00,Q2,npz
artifacts/q2/robustness_eval_fixed5/B2_seed44/valid_valid_evaluation.json,158068,1f9561f6a9724f98e0731ef1fb2550a07e68eec7c4c8d8dc8a779a16937bdaee,2026-09-24T09:28:00.934024+00:00,Q2,json
artifacts/q2/robustness_eval_fixed5/B2_seed44/valid_valid_full.npz,11253,947713e8a3202b76301b9fbea82500e66d10c383e3b216bb8c957ca7638f09bd,2026-09-24T09:28:00.904930+00:00,Q2,npz
artifacts/q2/robustness_eval_fixed5/B3_seed42/valid_valid_evaluation.json,158574,e553ba569213c9d751ca8661b940ae89db8a4400c9b63f6c02716f916a7b27cc,2026-09-24T09:28:01.019716+00:00,Q2,json
artifacts/q2/robustness_eval_fixed5/B3_seed42/valid_valid_full.npz,11284,9ab32fc56cd16e906c0c155968d62463037cec9f83fbc1cde7b36caa5163847c,2026-09-24T09:28:00.985126+00:00,Q2,npz
artifacts/q2/robustness_eval_fixed5/B3_seed43/valid_valid_evaluation.json,158714,47ac59a12d936c13c88b829a98228705daadd8c3007caa9dfe5634c2959f7ec8,2026-09-24T09:28:01.090348+00:00,Q2,json
artifacts/q2/robustness_eval_fixed5/B3_seed43/valid_valid_full.npz,11271,883d7c73738acac1b3e1cb1226293534e4c20f201e7129f736c433c9a3a89e47,2026-09-24T09:28:01.056134+00:00,Q2,npz
artifacts/q2/robustness_eval_fixed5/B3_seed44/valid_valid_evaluation.json,158856,6ec90e271c7af5979abeceb00da15f9cad6be85828ff74acc8fb1b9308a764f1,2026-09-24T09:28:01.185314+00:00,Q2,json
artifacts/q2/robustness_eval_fixed5/B3_seed44/valid_valid_full.npz,11287,a2bf485c0df93aa3d6e20e3772864296d384c57d9adeee1f383dc9b271ec5c16,2026-09-24T09:28:01.145171+00:00,Q2,npz
artifacts/q2/robustness_eval_fixed5/B4_seed42/valid_valid_evaluation.json,158537,332559682e01da4af99a66c8b8c69eddeb80059865177884f045f6b74f04603d,2026-09-24T09:28:01.246683+00:00,Q2,json
artifacts/q2/robustness_eval_fixed5/B4_seed42/valid_valid_full.npz,11285,c0f19cb479d323d19c81d76d2765dfe55b6b23ddc2b06984ea4febd5e8e7d997,2026-09-24T09:28:01.217497+00:00,Q2,npz
artifacts/q2/robustness_eval_fixed5/B4_seed43/valid_valid_evaluation.json,158469,d82c4aa0c84790881e594141647ba250ac5febaee6a47f2c3c77af5b008a59f1,2026-09-24T09:28:01.342570+00:00,Q2,json
artifacts/q2/robustness_eval_fixed5/B4_seed43/valid_valid_full.npz,11261,986d2d24bce28d8b069c39b3a2048375ea981521d2b575e0ff15fc09a968565a,2026-09-24T09:28:01.283489+00:00,Q2,npz
artifacts/q2/robustness_eval_fixed5/B4_seed44/valid_valid_evaluation.json,158073,58a7f3b19b1b9c4f6a137afa91823d7b73b327529804e06c5432d9dc938744b0,2026-09-24T09:28:01.428737+00:00,Q2,json
artifacts/q2/robustness_eval_fixed5/B4_seed44/valid_valid_full.npz,11278,698ee5c00ee885716832a1090a93ced5665a4e644c3ae9ee336cdcd963674e6d,2026-09-24T09:28:01.394826+00:00,Q2,npz
artifacts/q2/robustness_eval_fixed5/B5_seed42/valid_valid_evaluation.json,158512,991973bb5630c4f0a7d6b7e97cb06e128b1008353e95e518e99d6cfd9f06ebb5,2026-09-24T09:28:01.505581+00:00,Q2,json
artifacts/q2/robustness_eval_fixed5/B5_seed42/valid_valid_full.npz,11274,b2559daeeb0060c2327b7d0b1df1ca51794f6905f18180204c1b7eac81b137b3,2026-09-24T09:28:01.471704+00:00,Q2,npz
artifacts/q2/robustness_eval_fixed5/B5_seed43/valid_valid_evaluation.json,158680,4b0205458a5e4c319ac9fe04a1fb555e06aafdf50217378af42a94791f9d6ddd,2026-09-24T09:28:01.585113+00:00,Q2,json
artifacts/q2/robustness_eval_fixed5/B5_seed43/valid_valid_full.npz,11254,c2e0a97e3e0172f9ac524a7c9b0aaa0b0000b5fced2b4fec0095d8c9e7da400e,2026-09-24T09:28:01.544538+00:00,Q2,npz
artifacts/q2/robustness_eval_fixed5/B5_seed44/valid_valid_evaluation.json,158650,601c5d80d341ee73a573dcfbec6f1328b1b5a52af5ca04a261fb2ff84f88009b,2026-09-24T09:28:01.691630+00:00,Q2,json
artifacts/q2/robustness_eval_fixed5/B5_seed44/valid_valid_full.npz,11289,a22e039d9d6413d26d618358d7c53b5f11a5c329f221fa70c9ce3e8117be0338,2026-09-24T09:28:01.651656+00:00,Q2,npz
artifacts/q2/robustness_eval_fixed5/M0_seed42/valid_valid_evaluation.json,158503,6ddbfe62304f2d00e9c826292acda7cd990679e981c73d4e87e1179c589af3a5,2026-09-24T09:28:01.797289+00:00,Q2,json
artifacts/q2/robustness_eval_fixed5/M0_seed42/valid_valid_full.npz,11275,8d1dd740b0b4d033177acabde052dce123da3111e6d1af80e25d98390b230a07,2026-09-24T09:28:01.758564+00:00,Q2,npz
artifacts/q2/robustness_eval_fixed5/M0_seed43/valid_valid_evaluation.json,158376,9eb2225a213ce8e8a487d7085799bfcce6f471c51b604562d21be3c78a9332b3,2026-09-24T09:28:01.861765+00:00,Q2,json
artifacts/q2/robustness_eval_fixed5/M0_seed43/valid_valid_full.npz,11262,4a2605c762c188f42724d1d618c38ab6a9fb0383757db16475825c950bf57130,2026-09-24T09:28:01.834502+00:00,Q2,npz
artifacts/q2/robustness_eval_fixed5/M0_seed44/valid_valid_evaluation.json,157953,9abfa92aad937fe76b606ae29140e5398ed8e6254e3622e9e604d55164e7dd82,2026-09-24T09:28:01.930909+00:00,Q2,json
artifacts/q2/robustness_eval_fixed5/M0_seed44/valid_valid_full.npz,11269,01915f3f0e9adab639b99d721cdaf9bff6bff95949a30f6010f0366f0f6cddee,2026-09-24T09:28:01.903562+00:00,Q2,npz
artifacts/q2/submission/attachment3_predictions.csv,1393,7a03dc3243e9bdc6397642afa18119f352a946b512c528f3f4a80018419b616e,2026-09-24T10:14:49.503056+00:00,Q2,csv
artifacts/q2/submission/attachment3_predictions.json,51769,879a4bdb20ce71170bc7d55aded3d45e692feb1f1fb9e08eb7cc752bae0fa928,2026-09-24T10:14:49.534678+00:00,Q2,json
artifacts/q2/submission_c2_fix/attachment3_predictions.csv,1391,eb6a14c3737460470fa3be1f5e761e2d5a01a2ed976e7e8f3bba2820619a3c7e,2026-09-24T08:34:50.499169+00:00,Q2,csv
artifacts/q2/submission_c2_fix/attachment3_predictions.json,9234,42010d3e52ad3751ea2c767d54e993ad9f0883f57a5bd1b41dd5a2bb85d73954,2026-09-24T08:34:48.756443+00:00,Q2,json
artifacts/q2/submission_manifest.json,6919,79e2f9b0d197fa7d7b1fd70bedc0e9b7492003b829af11612b2f7d1100dd7f7d,2026-09-24T10:17:29.514116+00:00,Q2,json
artifacts/q2/test_final/test_test_evaluation.json,129486,0586124adb52d3c66e4ee3285d83cce76bbb4c5214bccd28dab5ca91a788dd7c,2026-09-24T08:27:52.640453+00:00,Q2,json
artifacts/q2/test_final/test_test_full.npz,13627,bde1350ec91c671e21ef2ceba002f7b3e65a69126b2330913ea53bdf66b69269,2026-09-24T08:27:52.656467+00:00,Q2,npz
artifacts/q2/v3_m3_ensemble9/attachment3_change_report.json,5362,14729ff8ea7a20728a761a4e646f948193d755f9a1580c0c5456182f8309d19a,2026-09-24T10:17:29.504969+00:00,Q2,json
artifacts/q2/v3_m3_ensemble9/exports/20260924_194524/RESULTS_SUMMARY.md,4575,e11cce8814ef5d0e9f91306e1fed7fde37ecbca885cde4db21d4cb56a9d05307,2026-09-24T11:46:01.678945+00:00,Q2,md
artifacts/q2/v3_m3_ensemble9/exports/20260924_194524/SHA256SUMS.txt,1014,baa81120f2ef3d0e1ae6a16b311789e77e08ad97b5e459c4d79a188105bc8d8e,2026-09-24T11:46:07.804734+00:00,Q2,txt
artifacts/q2/v3_m3_ensemble9/exports/20260924_194524/attachment3_change_report.json,5362,14729ff8ea7a20728a761a4e646f948193d755f9a1580c0c5456182f8309d19a,2026-09-24T10:17:29.504969+00:00,Q2,json
artifacts/q2/v3_m3_ensemble9/exports/20260924_194524/attachment3_predictions.csv,1393,7a03dc3243e9bdc6397642afa18119f352a946b512c528f3f4a80018419b616e,2026-09-24T10:14:49.503056+00:00,Q2,csv
artifacts/q2/v3_m3_ensemble9/exports/20260924_194524/attachment3_predictions.json,51769,879a4bdb20ce71170bc7d55aded3d45e692feb1f1fb9e08eb7cc752bae0fa928,2026-09-24T10:14:49.534678+00:00,Q2,json
artifacts/q2/v3_m3_ensemble9/exports/20260924_194524/publication_manifest.json,6919,79e2f9b0d197fa7d7b1fd70bedc0e9b7492003b829af11612b2f7d1100dd7f7d,2026-09-24T10:17:29.514116+00:00,Q2,json
artifacts/q2/v3_m3_ensemble9/exports/20260924_194524/test_predictions.csv,69274,8bc5b272298cbf60cf281bc74246e267aabfaa09bc20319b66fccde97341f772,2026-09-24T11:45:35.725974+00:00,Q2,csv
artifacts/q2/v3_m3_ensemble9/exports/20260924_194524/test_test_evaluation.json,944313,bab90f8ae673236690ea4dfde80192639bf27174ff581d215a56c7772bcb42a7,2026-09-24T10:14:47.443426+00:00,Q2,json
artifacts/q2/v3_m3_ensemble9/exports/20260924_194524/test_test_full.npz,107461,b2cd48f575ba206278a5b1cbfd5827486559ab9b29a6a790c0514fbc6a86ede9,2026-09-24T10:14:47.382660+00:00,Q2,npz
artifacts/q2/v3_m3_ensemble9/exports/20260924_194524/valid_condition_summary.csv,1756,de7d7eff4f5d5655a8e9662a2696758c4d72c0e4ab1283d75cafac136cc2eff7,2026-09-24T11:45:35.748510+00:00,Q2,csv
artifacts/q2/v3_m3_ensemble9/exports/20260924_194524/valid_valid_evaluation.json,159725,b86b6a061002155e233e484cc90cffb8f18df5d6898369cdf3183d90531228f2,2026-09-24T10:16:10.308943+00:00,Q2,json
artifacts/q2/v3_m3_ensemble9/exports/20260924_194524/version_manifest.json,6833,3e27642384f016cb06c256ce150623aa1348b14cc8701fa8d4843b9bdb4ef018,2026-09-24T10:14:45.679697+00:00,Q2,json
artifacts/q2/v3_m3_ensemble9/exports/q2_m3_ensemble9_results_20260924_194603.zip,493325,a154f27544504d6ea41e54164ef45561cc99c014d71c3d6c7cce71c70eb70d6e,2026-09-24T11:46:08.306425+00:00,Q2,zip
artifacts/q2/v3_m3_ensemble9/publication_manifest.json,6919,79e2f9b0d197fa7d7b1fd70bedc0e9b7492003b829af11612b2f7d1100dd7f7d,2026-09-24T10:17:29.514116+00:00,Q2,json
artifacts/q2/v3_m3_ensemble9/submission/attachment3_predictions.csv,1393,7a03dc3243e9bdc6397642afa18119f352a946b512c528f3f4a80018419b616e,2026-09-24T10:14:49.503056+00:00,Q2,csv
artifacts/q2/v3_m3_ensemble9/submission/attachment3_predictions.json,51769,879a4bdb20ce71170bc7d55aded3d45e692feb1f1fb9e08eb7cc752bae0fa928,2026-09-24T10:14:49.534678+00:00,Q2,json
artifacts/q2/v3_m3_ensemble9/test/test_test_evaluation.json,944313,bab90f8ae673236690ea4dfde80192639bf27174ff581d215a56c7772bcb42a7,2026-09-24T10:14:47.443426+00:00,Q2,json
artifacts/q2/v3_m3_ensemble9/test/test_test_full.npz,107461,b2cd48f575ba206278a5b1cbfd5827486559ab9b29a6a790c0514fbc6a86ede9,2026-09-24T10:14:47.382660+00:00,Q2,npz
artifacts/q2/v3_m3_ensemble9/valid_valid_evaluation.json,159725,b86b6a061002155e233e484cc90cffb8f18df5d6898369cdf3183d90531228f2,2026-09-24T10:16:10.308943+00:00,Q2,json
artifacts/q2/v3_m3_ensemble9/version_manifest.json,6833,3e27642384f016cb06c256ce150623aa1348b14cc8701fa8d4843b9bdb4ef018,2026-09-24T10:14:45.679697+00:00,Q2,json
artifacts/q2/v3_m3_ensemble9_server/v3_m3_ensemble9/version_manifest.json,6833,3e27642384f016cb06c256ce150623aa1348b14cc8701fa8d4843b9bdb4ef018,2026-09-24T10:14:45.679697+00:00,Q2,json
artifacts/q2/v3_m3_ensemble9_server/v3_m3_ensemble9_submission/attachment3_predictions.csv,1393,7a03dc3243e9bdc6397642afa18119f352a946b512c528f3f4a80018419b616e,2026-09-24T10:14:49.503056+00:00,Q2,csv
artifacts/q2/v3_m3_ensemble9_server/v3_m3_ensemble9_submission/attachment3_predictions.json,51769,879a4bdb20ce71170bc7d55aded3d45e692feb1f1fb9e08eb7cc752bae0fa928,2026-09-24T10:14:49.534678+00:00,Q2,json
artifacts/q2/v3_m3_ensemble9_server/v3_m3_ensemble9_test/test_test_evaluation.json,944313,bab90f8ae673236690ea4dfde80192639bf27174ff581d215a56c7772bcb42a7,2026-09-24T10:14:47.443426+00:00,Q2,json
artifacts/q2/v3_m3_ensemble9_server/v3_m3_ensemble9_test/test_test_full.npz,107461,b2cd48f575ba206278a5b1cbfd5827486559ab9b29a6a790c0514fbc6a86ede9,2026-09-24T10:14:47.382660+00:00,Q2,npz
artifacts/q3/final_attachment4/q3_attachment4_arrays.npz,3880,99f923133990d13d122203f7a2e736477b92ff4420421a8d98e9acd1ebfcb743,2026-09-24T14:00:56.752116+00:00,Q3,npz
artifacts/q3/final_attachment4/q3_attachment4_raw.json,185970,4fcc337925a324a99fcae005f963dacb0c50c63d742f0a7c2fb57aaad68c1593,2026-09-24T14:00:56.777665+00:00,Q3,json
artifacts/q3/final_attachment4/submission/q3_evidence.jsonl,102696,940b264e05907d570882a81a1cf30aa33875cb123baee5973c292d214522bf06,2026-09-24T14:00:56.868992+00:00,Q3,jsonl
artifacts/q3/final_attachment4/submission/q3_freeze_manifest.json,3783,89cda23871bb3b2763f2967911657677e007002aeb139a3bead853760e43df66,2026-09-24T14:00:56.966640+00:00,Q3,json
artifacts/q3/final_attachment4/submission/q3_predictions_explanations.csv,90462,edb84dd8fcc28f3181a683c364ddf6e1bca8c2c45c3ce3f2ed07e03381c88dcc,2026-09-24T14:00:56.924888+00:00,Q3,csv
artifacts/q3/final_attachment4/submission/q3_validation_report.json,6368,ed2878f1228398be695ec736a81cbdd16977c6fbc8c0fb4d321d881e1e498884,2026-09-24T14:00:56.952064+00:00,Q3,json
artifacts/q3/final_validation/q3_validation_arrays.npz,23973,fb4779c7a1669c7d3c251b3463ec892e50fce99d5cd84eb44cc024468023b55d,2026-09-24T14:00:57.014964+00:00,Q3,npz
artifacts/q3/final_validation/q3_validation_explanations.json,961429,067e3c0e7c0aa4aa66d28d60374dda45ecacc085ad865370f1461f32c49b0e72,2026-09-24T14:00:57.097097+00:00,Q3,json
artifacts/q3/final_validation/q3_validation_report.json,10252,a9f7bc2cf884db5c1e53b1a6b95cff60b1e94a33c1d09cc0a911b20d99ce8158,2026-09-24T14:00:57.032116+00:00,Q3,json
artifacts/q3/freeze_parameters.json,9127,d7b4ac9daf54a642765a7277db34e0b2aa360ccef89053edc5fea5b449bd5811,2026-09-24T14:00:57.372866+00:00,Q3,json
artifacts/q3/freeze_parameters.pre_mapping_fix.json,8059,0f7fe06bd52cd56f3751464e12b69fb5703a2ece3a4296158c8074d33ffc846b,2026-09-24T14:00:57.234185+00:00,Q3,json
artifacts/q3/sensitivity_pair_w10/q3_validation_arrays.npz,23973,fb4779c7a1669c7d3c251b3463ec892e50fce99d5cd84eb44cc024468023b55d,2026-09-24T14:00:57.466313+00:00,Q3,npz
artifacts/q3/sensitivity_pair_w10/q3_validation_explanations.json,572775,2022e35f0605c9489c298bdc8a5453d7a37b9c8764ecc7f2666ac2f5a02f0359,2026-09-24T14:00:57.530735+00:00,Q3,json
artifacts/q3/sensitivity_pair_w10/q3_validation_report.json,10191,c35c81d88c3d8bb827396c8dfd397070c26dc004f980cadcc78704eec99cf725,2026-09-24T14:00:57.479058+00:00,Q3,json
artifacts/q3/sensitivity_pair_w3/q3_validation_arrays.npz,23973,fb4779c7a1669c7d3c251b3463ec892e50fce99d5cd84eb44cc024468023b55d,2026-09-24T14:00:57.125003+00:00,Q3,npz
artifacts/q3/sensitivity_pair_w3/q3_validation_explanations.json,498411,95e7142d194bf0081a2e067c1b1a9ce81140a759fab204bfbb32aa74c7394cb5,2026-09-24T14:00:57.215429+00:00,Q3,json
artifacts/q3/sensitivity_pair_w3/q3_validation_report.json,10192,1a06160d0483bccd8b06d1d0c082a9932a15a2f6215b7f93ba4661648f6932bb,2026-09-24T14:00:57.140016+00:00,Q3,json
artifacts/q3/sensitivity_pair_w5/q3_validation_arrays.npz,23973,fb4779c7a1669c7d3c251b3463ec892e50fce99d5cd84eb44cc024468023b55d,2026-09-24T14:00:57.651270+00:00,Q3,npz
artifacts/q3/sensitivity_pair_w5/q3_validation_explanations.json,520587,3e7a62d68fa013f3f84f4167d77ab03ba5a5c2f59305ed7d2248b63d147dcda9,2026-09-24T14:00:57.709414+00:00,Q3,json
artifacts/q3/sensitivity_pair_w5/q3_validation_report.json,10189,d7a5c99603f18faef1e6a78268166351f702a6c05c6486eec74642be43d1ca27,2026-09-24T14:00:57.665127+00:00,Q3,json
artifacts/q3/sensitivity_w10/q3_validation_arrays.npz,18432,d6303e34802f248ecc67b0bed9f09782c1c06d750ebcd54b172596112d05f216,2026-09-24T14:00:57.398628+00:00,Q3,npz
artifacts/q3/sensitivity_w10/q3_validation_explanations.json,255267,093f1936f8758f661d2cf2440e1cbd68d39ef7e18166687f614003b122827c91,2026-09-24T14:00:57.440835+00:00,Q3,json
artifacts/q3/sensitivity_w10/q3_validation_report.json,6772,e4ca90d992c0b472ec92d900c4515d4faf96982e8652262001edb9d819c5abe4,2026-09-24T14:00:57.410969+00:00,Q3,json
artifacts/q3/sensitivity_w3/q3_validation_arrays.npz,18432,d6303e34802f248ecc67b0bed9f09782c1c06d750ebcd54b172596112d05f216,2026-09-24T14:00:57.733524+00:00,Q3,npz
artifacts/q3/sensitivity_w3/q3_validation_explanations.json,218249,94b72bb9c9106155482964f2a9502ac6d0e6eb5ebef7c98ddfc0b217428fe0ab,2026-09-24T14:00:57.776851+00:00,Q3,json
artifacts/q3/sensitivity_w3/q3_validation_report.json,6772,e66c7afd1389c14c5a6381e71add504024c2be1fee539a6b4dbc6c12f08b56ba,2026-09-24T14:00:57.747055+00:00,Q3,json
artifacts/q3/sensitivity_w5/q3_validation_arrays.npz,18432,d6303e34802f248ecc67b0bed9f09782c1c06d750ebcd54b172596112d05f216,2026-09-24T14:00:57.265983+00:00,Q3,npz
artifacts/q3/sensitivity_w5/q3_validation_explanations.json,229530,be71a43ca2d2a1989fa72a34866d99c2f9ab4b9818236e3b485b6b953a65566a,2026-09-24T14:00:57.307234+00:00,Q3,json
artifacts/q3/sensitivity_w5/q3_validation_report.json,6771,6648dc15107d0ac78df7b437b570f3011221bf2269da895e744f829098428916,2026-09-24T14:00:57.279025+00:00,Q3,json
artifacts/q3/smoke_pair_v1/q3_validation_arrays.npz,13257,9100f6eee925172b160055f9c08fdb78640ace7aeac238d55e65bcec62f96926,2026-09-24T14:00:57.333503+00:00,Q3,npz
artifacts/q3/smoke_pair_v1/q3_validation_explanations.json,32756,0b13856d3588b0dbf325927f138724f1f92225ef5141ab3d459ea46f362cfd17,2026-09-24T14:00:57.359817+00:00,Q3,json
artifacts/q3/smoke_pair_v1/q3_validation_report.json,7576,14c24b564ff38451f7ddd45a3032bef55b69ccd4f6fea18b74f3e0728ad7785b,2026-09-24T14:00:57.346624+00:00,Q3,json
artifacts/q3/smoke_v1/q3_validation_arrays.npz,13257,9100f6eee925172b160055f9c08fdb78640ace7aeac238d55e65bcec62f96926,2026-09-24T14:00:56.693603+00:00,Q3,npz
artifacts/q3/smoke_v1/q3_validation_explanations.json,28804,67b04ae53f4a5c8d617932eb00697cc529956ff954a7dc1d15fcf4d4546a674a,2026-09-24T14:00:56.729783+00:00,Q3,json
artifacts/q3/smoke_v1/q3_validation_report.json,5598,771fa1c6d6722af69c2cd330de08eb080337387ce8c2e98b03271e37d7bce5e0,2026-09-24T14:00:56.712600+00:00,Q3,json
artifacts/q3/validation_v1/q3_validation_arrays.npz,23973,fb4779c7a1669c7d3c251b3463ec892e50fce99d5cd84eb44cc024468023b55d,2026-09-24T14:00:57.565040+00:00,Q3,npz
artifacts/q3/validation_v1/q3_validation_explanations.json,458476,27bbfc39436eb6322b4ffc13729803ef6a38dc5b255147514d101200c55aeaa1,2026-09-24T14:00:57.628617+00:00,Q3,json
artifacts/q3/validation_v1/q3_validation_report.json,8221,7a1c66136371364d5cfe954c041e9ea79dabd73e4f0900b02b9d9a3df49101fb,2026-09-24T14:00:57.583654+00:00,Q3,json
docs/E题_题目提取.txt,15732,2de6a522602dd58bf2c585d317037c3603c56dad6858db154ed5ec3f4eaca05e,2026-09-24T13:53:07.106671+00:00,GENERAL,txt
docs/问题一_全过程记录.md,51785,0ac3332bd3819c5746d43c213969c36a582e49aaffb5345c48898a5686792a90,2026-09-24T07:27:49.427161+00:00,GENERAL,md
docs/问题三_全过程记录.md,22879,f2f1cd49040fdd1abc76cac51e5f66d509d1e70b529e132604f95183dd62c49a,2026-09-24T14:02:54.089523+00:00,GENERAL,md
docs/问题二_全过程记录.md,42149,02ec8ece185db5cea14258eaad3f4a865265f40385067009572181441ed7a7ec,2026-09-24T10:19:13.792644+00:00,GENERAL,md
logs/q3/final_attachment4.failed_mapping.log,976,fa4b1cbce5351a33d51d0c2293202b2d713239dd1ce78ad1cb0278e965e03993,2026-09-24T14:00:58.175944+00:00,Q3,log
logs/q3/final_attachment4.log,5571,cf873cbfb8c82b7cefa597cbec9f11f5f9265d069d7bbc6ecee107828065b691,2026-09-24T14:00:58.112823+00:00,Q3,log
logs/q3/final_validation.log,11844,e1eaf182796674ff480c67d3cf1fcb5312c5b2aeb97b4a8aeba5c1892191e291,2026-09-24T14:00:58.191379+00:00,Q3,log
logs/q3/sensitivity_pair_w10.log,11787,98ab96cac2d2232fbe5ec8f93d444a4a392cc925e841b3e2d39a6478f891bc24,2026-09-24T14:00:58.136819+00:00,Q3,log
logs/q3/sensitivity_pair_w3.log,11790,aa1b72b9dc200ce719f71ea6443e8c5c8e3bbba93dad5d0e3f096d29517ac39c,2026-09-24T14:00:58.206089+00:00,Q3,log
logs/q3/sensitivity_pair_w5.log,11784,5889ca1515c9332fe54f1556561f3c61629c5545f14ebfd7e8fb9ef69179de90,2026-09-24T14:00:58.158178+00:00,Q3,log
paper/FIGURE_CATALOG.md,3125,907d7a5e69a5e8f0d123a5cea69babb1a12f79f1fa3990ca2c6a20a0d460b0a3,2026-09-25T02:37:05.180371+00:00,PAPER_DELIVERY,md
paper/README.md,1411,a614381a21475dac37debf86f89c191f6c7a6e0122bda9b975680149ca9a8439,2026-09-25T02:35:33.469500+00:00,PAPER_DELIVERY,md
paper/figures/q1_alignment_methods.svg,7230,d8a78fa8cbbab3ffa532b93564f88a704a250df9e71af845e6aa99d679287db0,2026-09-25T02:37:05.132619+00:00,PAPER_DELIVERY,svg
paper/figures/q1_data_cleaning.svg,3533,6d3b5ca391957e8d16605a2f7477f0d177c2bec3ca8f0a916299776980768acf,2026-09-25T02:37:05.129111+00:00,PAPER_DELIVERY,svg
paper/figures/q1_modality_components.svg,7134,85b9c07fad0e7ac8f26913b296740a442d54ef1b9d583db5bb981ab40fafa1e3,2026-09-25T02:37:05.135621+00:00,PAPER_DELIVERY,svg
paper/figures/q2_missing_robustness.svg,6286,3d8f00583539e466551b18bb4718b547fcb47d7767913c66d149ef539e2da7df,2026-09-25T02:37:05.142631+00:00,PAPER_DELIVERY,svg
paper/figures/q2_model_comparison.svg,5115,2c1c9b9569b405c61a4dab826cfa8f2b73248dd193a35184bfa28a06caf3c3ef,2026-09-25T02:37:05.139133+00:00,PAPER_DELIVERY,svg
paper/figures/q2_prediction_distribution.svg,3153,55ed0001dd5a95dd2c0e9ff42163162992a5aa96f249afe0e3e26111c3ffce90,2026-09-25T02:37:05.156213+00:00,PAPER_DELIVERY,svg
paper/figures/q2_seed_stability_b4.svg,4245,56f5e3f773c797278b6422a65e70c1c7a03a9b6a5ad21515790d0bbccd10b5cb,2026-09-25T02:37:05.153149+00:00,PAPER_DELIVERY,svg
paper/figures/q2_seed_stability_m0.svg,4245,814f44158eb67b6712c6fd60f23901c60931822a018427440a1cf257bacc8575,2026-09-25T02:37:05.146140+00:00,PAPER_DELIVERY,svg
paper/figures/q3_attachment4_distribution.svg,4827,2888579b9e2d3a6ceac3290d1a7ad83f2cd929f798daa2ec2dfcef27f4334aba,2026-09-25T02:37:05.174903+00:00,PAPER_DELIVERY,svg
paper/figures/q3_evidence_levels.svg,4819,f53af9741129de7ec1ff38dfb15b666f9331f3cb247b945a6cf86222fe620110,2026-09-25T02:37:05.178370+00:00,PAPER_DELIVERY,svg
paper/figures/q3_local_occlusion.svg,4105,39d184fc44b49817a15913b4d22cd20c9ace46190bebce6813b09c9149629875,2026-09-25T02:37:05.170758+00:00,PAPER_DELIVERY,svg
paper/figures/q3_sensitivity.svg,5275,58a607e0a7c91527f30ffa159245c5c5e6d15e9458acd2d457de783ff7356c13,2026-09-25T02:37:05.166744+00:00,PAPER_DELIVERY,svg
paper/figures/q3_shapley_modalities.svg,4086,15ff7417d05aedd542cfc2c985c4cd3e87759351d3205dc7fa05b76440105a96,2026-09-25T02:37:05.159723+00:00,PAPER_DELIVERY,svg
paper/generate_paper_figures.py,30488,1d89f14495ed6227fe21a2a80f84cb6fa23af6036885675d06d846e531653507,2026-09-25T02:37:04.990158+00:00,PAPER_DELIVERY,py
paper/tables/q1_alignment_methods.csv,952,eaa0d3490388f7075f6eb65e484b4b92abdbc95e1b48f07700429c9a09729008,2026-09-25T02:37:05.130618+00:00,PAPER_DELIVERY,csv
paper/tables/q1_data_cleaning.csv,99,28f24f12445076d8764ecfb58549bc3376dbbfc4b632b00148144c274bee9ee0,2026-09-25T02:37:05.127113+00:00,PAPER_DELIVERY,csv
paper/tables/q1_modality_components.csv,801,91f8161e0f51a7041fca02aa954c8654de27157b3e56a4adaf8437986ac7598d,2026-09-25T02:37:05.133616+00:00,PAPER_DELIVERY,csv
paper/tables/q2_missing_robustness.csv,585,08ffd6af6c53aaa5ff0f3d8bcf02cef60b88836f1074c014b0ba40d82be8598a,2026-09-25T02:37:05.141127+00:00,PAPER_DELIVERY,csv
paper/tables/q2_model_comparison.csv,713,ef0c62bb2d9fbfa795129e7433dcbb79ab772ada5c5a9cc6b5a513db7a43a7b1,2026-09-25T02:37:05.138135+00:00,PAPER_DELIVERY,csv
paper/tables/q2_prediction_distribution.csv,78,cdb4dd767248a4ce44b0d79b77ed66fa8d10e453dba578829f2d3634973301e0,2026-09-25T02:37:05.154710+00:00,PAPER_DELIVERY,csv
paper/tables/q2_seed_stability.csv,885,42a92e314f23c501a846f236f5f48ee91671da98ce9301a68434daa35a06e0c9,2026-09-25T02:37:05.145130+00:00,PAPER_DELIVERY,csv
paper/tables/q3_attachment4_distribution.csv,168,2f08dc2a9a2e63a69adf00988820d3a93c40aaba244a59bee1b44314f87f2213,2026-09-25T02:37:05.173259+00:00,PAPER_DELIVERY,csv
paper/tables/q3_evidence_levels.csv,166,d22d43785b2f3799baa080ffa6baff30a7d784090921b5e1161164654d85dea9,2026-09-25T02:37:05.176452+00:00,PAPER_DELIVERY,csv
paper/tables/q3_evidence_mapping.csv,115,6cd7fcfbb18937192f14ede7e2cb5e084125c1d7c3e96e21843cbc56b43a9ab7,2026-09-25T02:37:05.179373+00:00,PAPER_DELIVERY,csv
paper/tables/q3_local_occlusion.csv,329,85f463e9a83790c2115efb8b984b3fb791a1f0dc65d0adb956509356d84b47be,2026-09-25T02:37:05.169254+00:00,PAPER_DELIVERY,csv
paper/tables/q3_sensitivity.csv,383,4b0d298b48923c685194b499b449930a1ef6d01241b79826996ed679192ba140,2026-09-25T02:37:05.161717+00:00,PAPER_DELIVERY,csv
paper/tables/q3_shapley_modalities.csv,196,7207cee7915b6445308d137f68b57b352f77c4ab0ad8e7ed8024d6ffda440f79,2026-09-25T02:37:05.157722+00:00,PAPER_DELIVERY,csv
problem/E题_题目提取.txt,15732,2de6a522602dd58bf2c585d317037c3603c56dad6858db154ed5ec3f4eaca05e,2026-09-24T13:53:07.106671+00:00,GENERAL,txt
q1_comparison_extension/FILE_MANAGEMENT_AUDIT.json,985,113516e17e3d07eb67798dd20f2ae0ac60613835f006cefe96d6faa95aa74629,2026-09-25T02:32:22.857888+00:00,Q1,json
q1_comparison_extension/README.md,2465,65b2191a1f787e2169ce459dedf75e55c840f52d17419556d66efbc2b02e2d27,2026-09-25T02:32:22.860446+00:00,Q1,md
q1_comparison_extension/configs/q1_comparison_protocol.json,6384,885d5def034c153a1d4a84fbd998fcd8a9cf4576604c9293869632de336f28bd,2026-09-25T02:32:22.862627+00:00,Q1,json
q1_comparison_extension/docs/AI服务器执行说明.md,9249,859570d1b16982ae70a030f6bf500b7e5e163b857f6467f1e5bb872feffa6ad0,2026-09-25T02:32:22.863628+00:00,Q1,md
q1_comparison_extension/docs/问题一_实验数据说明与使用规范.md,5961,4de60b25c3f9cbac0784140d7f2eb048f2f67a26bc3125060e2d1fbdcd0c0813,2026-09-25T02:32:22.865135+00:00,Q1,md
q1_comparison_extension/docs/问题一_模型与优化算法系统对比方案.md,15022,107799e2752a907d428e7304067bd94a856b7991b9d4ffc5c2cd41575466873e,2026-09-25T02:32:22.866139+00:00,Q1,md
q1_comparison_extension/requirements-comparison.txt,80,5b60402fed00b56c5cf4414a208e5d490e2ccc0509f1a44ecafc2a3f0244cb1d,2026-09-25T02:32:22.867137+00:00,Q1,txt
q1_comparison_extension/scripts/build_q1_probe_vectors.py,8420,6caaeb2f8f222e11d1cb002c4cadb75a8014d108b534a4302473e326ca8c76d7,2026-09-25T02:32:22.868134+00:00,Q1,py
q1_comparison_extension/scripts/compare_q1_versions.py,8717,775dadc2c4d8ea7e5e51bc0580b9184510ba751cea98f0138b41c96b8d2404d1,2026-09-25T02:32:22.869641+00:00,Q1,py
q1_comparison_extension/scripts/evaluate_q1_candidate_vectors.py,9616,4df944013c95717a13777044776c03792622c87b14833644f04cf0f513efce73,2026-09-25T02:32:22.870758+00:00,Q1,py
q1_comparison_extension/scripts/run_q1_comparison_protocol.py,17649,019d3123faac4b6b4619cc460700b88e3ed97db235ec3c2f64ed9283433ac297,2026-09-25T02:32:22.872671+00:00,Q1,py
q1_comparison_extension/templates/experiment_record_template.json,1105,524c5e6155f804ffafc6f93a69f39951219a9904c8a5a3b075df48115697fa28,2026-09-25T02:32:22.873673+00:00,Q1,json
q1_comparison_extension/templates/resource_usage_template.csv,101,77a3d2adaca1c37274627a5b978d5d78ff2f7e3384744a3d1264d0c3dcb5a731,2026-09-25T02:32:22.875174+00:00,Q1,csv
q1_comparison_extension/templates/问题一_对比实验结果分析模板.md,5882,3f5de3f269373e0359d129993b8ef1fc5252024151dac1a73aa6b8a6c6be06eb,2026-09-25T02:32:22.876173+00:00,Q1,md
scripts/analyze_q1_comparison.py,9024,929dc3feb3ce77e6609865bfb5b9f194cf630c41890e3ecf84e2385001cd00d3,2026-09-24T07:23:02.507854+00:00,REPRODUCTION,py
scripts/analyze_q2_robustness.py,17592,e5aeb41e80683ab6049784fcceb4afc072641d98a1835f3ac477f8b41fb5172e,2026-09-24T09:28:40.440517+00:00,REPRODUCTION,py
scripts/analyze_q2_validation.py,7979,a00ca8df9f8a3ed9ecf4370b02a27b47d839eeb29a065bb47b25efa809464f8c,2026-09-24T08:24:44.187438+00:00,REPRODUCTION,py
scripts/audit_q2_fixed_masks.py,2951,c1ad4295d407d20d7c8c2a081968f063166e86271a8a6485dbae77617ac705d9,2026-09-24T09:23:44.093797+00:00,REPRODUCTION,py
scripts/audit_q2_tokenizer.py,2065,2a1364ec1eb59053b342339c4610aef68db96495cf7fe4817124c11b185edeeb,2026-09-24T07:53:09.762909+00:00,REPRODUCTION,py
scripts/build_delivery_manifest.py,4128,40a76bfb474d6bb047ff247c57cea0a862039dd50c386e939e5d579c343979d0,2026-09-25T02:37:20.819552+00:00,REPRODUCTION,py
scripts/check_q2_m0_structure.py,1582,7003397733f18931ea8f39abd26cc3d2a7fcc05489c564d96d4f90fba005ec27,2026-09-24T08:16:07.621549+00:00,REPRODUCTION,py
scripts/compare_q1_methods.py,44408,752ee9c218ad2d906106a987202be5ac87498edaf130da86568b6922717a9d17,2026-09-24T07:16:50.102880+00:00,REPRODUCTION,py
scripts/debug_shapes.py,1677,348b6b10c314b46b02b517e4103aed718277b69f160e3b57b696c045cbdf1740,2026-09-24T07:58:49.880314+00:00,REPRODUCTION,py
scripts/extract_q1_features.py,80429,ba22a4a7babcab3b668da79fda449d3b7e2eea322691779180b66d6e8ca0e94a,2026-09-24T04:35:26.701729+00:00,REPRODUCTION,py
scripts/filter_q1_samples.py,12905,e0f4c71ad6fab2ac30ab6aaaedc3c42206369c801b25330c30cdad3e0f6bdc18,2026-09-24T01:53:56.141598+00:00,REPRODUCTION,py
scripts/inspect_bert_weights.py,193,54286fc7ba443e3ac53a4f08e19c80ef01ffb672d3eeae289e6edf8a3e45530f,2026-09-24T07:54:24.652185+00:00,REPRODUCTION,py
scripts/inspect_q2_checkpoints.py,587,ef8a51e1e3e14ac9bec7b2eca785ae1cb92994816922edc9890ea98ac393ebbf,2026-09-24T08:28:54.997735+00:00,REPRODUCTION,py
scripts/prepare_q2_data.py,11742,32e17addf23c8a69592ee86c066b46e5bce1eb3083762c117244663fa2a3c580,2026-09-24T07:52:02.793126+00:00,REPRODUCTION,py
scripts/prepare_q3_data.py,11376,61c0848a8793466b5a4deccb195645bc31208bef32878463c96e158e3c5c6d7b,2026-09-24T13:26:35.299691+00:00,REPRODUCTION,py
scripts/q2_ensemble_publish.py,9848,8c99326ac82dfce1186012683b18b2a3623405a6f257b00328ac58bd645333c3,2026-09-24T10:12:15.095830+00:00,REPRODUCTION,py
scripts/q2_eval.py,10044,35611c5882c7c52db100d135499c2604ebf4ffa3f3bb6627baeb88a5d53e0dea,2026-09-24T08:34:01.295169+00:00,REPRODUCTION,py
scripts/q2_eval_ensemble.py,6939,1fb6ad03e68ddb5001f6fc716abc070da2b118e230a0e7c313555eef03a515f3,2026-09-24T09:50:54.302821+00:00,REPRODUCTION,py
scripts/q2_eval_robustness.py,6751,56cbcba6afab666cb7f7102625af1d12353d1fc7af4557b6fc6afb43f887d53f,2026-09-24T09:21:03.238465+00:00,REPRODUCTION,py
scripts/q2_models.py,19318,659cac7d0cc5b4c39c0f4b71d736dbc59fc54d48b2565b06a10fef356d367700,2026-09-24T09:47:39.513164+00:00,REPRODUCTION,py
scripts/q2_train.py,24013,ee5383dee5378d9ecad21779cc3926aae4635ae5c2d9d486299728da93aef8d6,2026-09-24T08:11:19.986590+00:00,REPRODUCTION,py
scripts/q2_train_v2.py,24310,c3ecd57cc00378cff063f1a9516bb732251b1071af555026bee544924fad4d17,2026-09-24T09:36:29.074894+00:00,REPRODUCTION,py
scripts/q3_build_outputs.pre_manifest_status_fix.py,12446,773ca2a2b76fa39b7128017db516a8a54f9143e8701770121a0514cbc22de7de,2026-09-24T13:53:41.800142+00:00,REPRODUCTION,py
scripts/q3_build_outputs.py,12993,9583fa7ffef16217da759678cfc059eb86fde74965f998b10e5ef0716790b01c,2026-09-24T14:00:36.469375+00:00,REPRODUCTION,py
scripts/q3_explain_core.pre_direction_backup.py,51279,7cd4f2e16f7d71503b105fcf53e2311cff6cf775a1ae323fd2c3a48e8e575841,2026-09-24T13:51:35.534190+00:00,REPRODUCTION,py
scripts/q3_explain_core.pre_mapping_none_fix.py,55170,7df8ba6e8ef5b4a845fc9f81ae926f86b896363866b9ac1e8d3b5862ea456f9e,2026-09-24T13:51:35.535608+00:00,REPRODUCTION,py
scripts/q3_explain_core.prepaired_backup.py,42895,6861910b176ff12d1f1befac3221e83617101593ea5f52de7c6c2ece1ea78a2c,2026-09-24T13:34:48.917006+00:00,REPRODUCTION,py
scripts/q3_explain_core.py,55237,d93f46dcee062daae0a1deb0d6045b96ce30849398d2f1882ca0fd471e4646d0,2026-09-24T13:57:06.718232+00:00,REPRODUCTION,py
scripts/q3_prepare_offsets.py,5210,9547c81cdfceab424051bd320cdb3ca5f3553af4161f8514a0d70909bbbe3db1,2026-09-24T13:31:50.930942+00:00,REPRODUCTION,py
submission/q2_predictions.csv,1393,7a03dc3243e9bdc6397642afa18119f352a946b512c528f3f4a80018419b616e,2026-09-24T10:14:49.503056+00:00,Q2,csv
submission/q2_predictions.json,51769,879a4bdb20ce71170bc7d55aded3d45e692feb1f1fb9e08eb7cc752bae0fa928,2026-09-24T10:14:49.534678+00:00,Q2,json
submission/q3_evidence.jsonl,102696,940b264e05907d570882a81a1cf30aa33875cb123baee5973c292d214522bf06,2026-09-24T14:00:56.868992+00:00,Q3,jsonl
submission/q3_freeze_manifest.json,3783,89cda23871bb3b2763f2967911657677e007002aeb139a3bead853760e43df66,2026-09-24T14:00:56.966640+00:00,Q3,json
submission/q3_predictions_explanations.csv,90462,edb84dd8fcc28f3181a683c364ddf6e1bca8c2c45c3ce3f2ed07e03381c88dcc,2026-09-24T14:00:56.924888+00:00,Q3,csv
submission/q3_validation_report.json,6368,ed2878f1228398be695ec736a81cbdd16977c6fbc8c0fb4d321d881e1e498884,2026-09-24T14:00:56.952064+00:00,Q3,json
