sample_id,video_id,clip_id,text_chars,label,annotation,source_video_path,resolved_video_path,source_sha256,output_npz,metadata_json,word_count,audio_frames,audio_valid_frames,vision_samples,vision_valid_samples,audio_observed_word_ratio,vision_observed_word_ratio,alignment_mean_confidence,alignment_low_confidence_words,text_fallback_words,alignment_interval_valid,nan_count,inf_count,status,error
-3g5yACwYnA$_$13,-3g5yACwYnA,13,80,0.6666666865348816,Positive,C:\work\数模\中文题目\E题\E题数据\附件1-数据集原始多模态样本\MOSEI数据集部分原始视频-100条\-3g5yACwYnA\13.mp4,/data2/hy/cts/e_problem/data/raw_q1/MOSEI数据集部分原始视频-100条/-3g5yACwYnA/13.mp4,aeb47627f59dce3d0a85a44ef35e4a3bc18211498e98c8c11cf60269646df24f,artifacts/q1/final_100/features/-3g5yACwYnA__13.npz,artifacts/q1/final_100/metadata/-3g5yACwYnA__13.json,15,538,175,28,28,1.0,0.9333333333333333,0.7455129027366638,0,0,True,0,0,ok,
-3g5yACwYnA$_$3,-3g5yACwYnA,3,173,0.0,Neutral,C:\work\数模\中文题目\E题\E题数据\附件1-数据集原始多模态样本\MOSEI数据集部分原始视频-100条\-3g5yACwYnA\3.mp4,/data2/hy/cts/e_problem/data/raw_q1/MOSEI数据集部分原始视频-100条/-3g5yACwYnA/3.mp4,eff8cfefba2425155f2b72656829b34b23be8bfe1dcbece384154f56818aa26d,artifacts/q1/final_100/features/-3g5yACwYnA__3.npz,artifacts/q1/final_100/metadata/-3g5yACwYnA__3.json,29,1431,645,72,72,1.0,1.0,0.7231878638267517,0,0,True,0,0,ok,
-3g5yACwYnA$_$2,-3g5yACwYnA,2,85,0.0,Neutral,C:\work\数模\中文题目\E题\E题数据\附件1-数据集原始多模态样本\MOSEI数据集部分原始视频-100条\-3g5yACwYnA\2.mp4,/data2/hy/cts/e_problem/data/raw_q1/MOSEI数据集部分原始视频-100条/-3g5yACwYnA/2.mp4,0619c01f137d017c15c058176f18a575919189c7e81ebd2bfb993afdb86f3de7,artifacts/q1/final_100/features/-3g5yACwYnA__2.npz,artifacts/q1/final_100/metadata/-3g5yACwYnA__2.json,14,921,493,47,47,1.0,1.0,0.7391787171363831,0,0,True,0,0,ok,
-3g5yACwYnA$_$9,-3g5yACwYnA,9,139,0.6666666865348816,Positive,C:\work\数模\中文题目\E题\E题数据\附件1-数据集原始多模态样本\MOSEI数据集部分原始视频-100条\-3g5yACwYnA\9.mp4,/data2/hy/cts/e_problem/data/raw_q1/MOSEI数据集部分原始视频-100条/-3g5yACwYnA/9.mp4,b962573b12ed1f06d5533f6427c80dce2bae3a99dd332f6d3fcb32c579f3f016,artifacts/q1/final_100/features/-3g5yACwYnA__9.npz,artifacts/q1/final_100/metadata/-3g5yACwYnA__9.json,21,868,374,44,44,1.0,1.0,0.7297875285148621,0,0,True,0,0,ok,
-3nNcZdcdvU$_$5,-3nNcZdcdvU,5,104,0.0,Neutral,C:\work\数模\中文题目\E题\E题数据\附件1-数据集原始多模态样本\MOSEI数据集部分原始视频-100条\-3nNcZdcdvU\5.mp4,/data2/hy/cts/e_problem/data/raw_q1/MOSEI数据集部分原始视频-100条/-3nNcZdcdvU/5.mp4,7ea53ad502b77be7d2ee4494dc23a9478c897792203cf887d546e83d584c1728,artifacts/q1/final_100/features/-3nNcZdcdvU__5.npz,artifacts/q1/final_100/metadata/-3nNcZdcdvU__5.json,18,777,606,40,40,1.0,1.0,0.7118693590164185,0,0,True,0,0,ok,
-HwX2H8Z4hY$_$2,-HwX2H8Z4hY,2,48,0.0,Neutral,C:\work\数模\中文题目\E题\E题数据\附件1-数据集原始多模态样本\MOSEI数据集部分原始视频-100条\-HwX2H8Z4hY\2.mp4,/data2/hy/cts/e_problem/data/raw_q1/MOSEI数据集部分原始视频-100条/-HwX2H8Z4hY/2.mp4,920a1052c09ebd1eedba6dd1ccfecd80f56f6f0fdcdd1f6dd32b0d90bcb89358,artifacts/q1/final_100/features/-HwX2H8Z4hY__2.npz,artifacts/q1/final_100/metadata/-HwX2H8Z4hY__2.json,7,390,101,20,17,1.0,1.0,0.7201444506645203,0,0,True,0,0,ok,
-HwX2H8Z4hY$_$5,-HwX2H8Z4hY,5,74,-1.0,Negative,C:\work\数模\中文题目\E题\E题数据\附件1-数据集原始多模态样本\MOSEI数据集部分原始视频-100条\-HwX2H8Z4hY\5.mp4,/data2/hy/cts/e_problem/data/raw_q1/MOSEI数据集部分原始视频-100条/-HwX2H8Z4hY/5.mp4,8d61b7f5840a8bd403d9bc6c3cd49029ffc4e304cf9c7834735c1a6bb5fd369d,artifacts/q1/final_100/features/-HwX2H8Z4hY__5.npz,artifacts/q1/final_100/metadata/-HwX2H8Z4hY__5.json,9,552,289,28,9,1.0,0.4444444444444444,0.7696290612220764,0,0,True,0,0,ok,
-HwX2H8Z4hY$_$6,-HwX2H8Z4hY,6,31,0.0,Neutral,C:\work\数模\中文题目\E题\E题数据\附件1-数据集原始多模态样本\MOSEI数据集部分原始视频-100条\-HwX2H8Z4hY\6.mp4,/data2/hy/cts/e_problem/data/raw_q1/MOSEI数据集部分原始视频-100条/-HwX2H8Z4hY/6.mp4,696576dcbd0dc42cb678fa40d8a0f0f419a3072bfa7662d653756ab29bba4c46,artifacts/q1/final_100/features/-HwX2H8Z4hY__6.npz,artifacts/q1/final_100/metadata/-HwX2H8Z4hY__6.json,7,324,110,17,10,1.0,0.8571428571428571,0.8132791519165039,0,0,True,0,0,ok,
-HwX2H8Z4hY$_$9,-HwX2H8Z4hY,9,119,-0.3333333432674408,Negative,C:\work\数模\中文题目\E题\E题数据\附件1-数据集原始多模态样本\MOSEI数据集部分原始视频-100条\-HwX2H8Z4hY\9.mp4,/data2/hy/cts/e_problem/data/raw_q1/MOSEI数据集部分原始视频-100条/-HwX2H8Z4hY/9.mp4,90c18e627f27a12c14e21ba24c79edf3008762b4ac26874b490ad3f888381702,artifacts/q1/final_100/features/-HwX2H8Z4hY__9.npz,artifacts/q1/final_100/metadata/-HwX2H8Z4hY__9.json,22,762,550,39,28,1.0,0.8181818181818182,0.7295240759849548,0,0,True,0,0,ok,
-NFrJFQijFE$_$1,-NFrJFQijFE,1,93,0.3333333432674408,Positive,C:\work\数模\中文题目\E题\E题数据\附件1-数据集原始多模态样本\MOSEI数据集部分原始视频-100条\-NFrJFQijFE\1.mp4,/data2/hy/cts/e_problem/data/raw_q1/MOSEI数据集部分原始视频-100条/-NFrJFQijFE/1.mp4,d8fcf16c6eb51c56947ec3d0549c6f3bc7a0cf1fc5f5d89e8b38d4249a08db4f,artifacts/q1/final_100/features/-NFrJFQijFE__1.npz,artifacts/q1/final_100/metadata/-NFrJFQijFE__1.json,16,564,285,29,0,1.0,0.0,0.7054808139801025,0,0,True,0,0,ok,
-NFrJFQijFE$_$2,-NFrJFQijFE,2,100,0.0,Neutral,C:\work\数模\中文题目\E题\E题数据\附件1-数据集原始多模态样本\MOSEI数据集部分原始视频-100条\-NFrJFQijFE\2.mp4,/data2/hy/cts/e_problem/data/raw_q1/MOSEI数据集部分原始视频-100条/-NFrJFQijFE/2.mp4,a54a5c144a64f5abd26b19aafa6cea8142ee08e9385fa508fa70c934f6b616c1,artifacts/q1/final_100/features/-NFrJFQijFE__2.npz,artifacts/q1/final_100/metadata/-NFrJFQijFE__2.json,18,668,321,34,17,1.0,0.5,0.675899088382721,0,0,True,0,0,ok,
-THoVjtIkeU$_$12,-THoVjtIkeU,12,207,2.0,Positive,C:\work\数模\中文题目\E题\E题数据\附件1-数据集原始多模态样本\MOSEI数据集部分原始视频-100条\-THoVjtIkeU\12.mp4,/data2/hy/cts/e_problem/data/raw_q1/MOSEI数据集部分原始视频-100条/-THoVjtIkeU/12.mp4,e2f148f4f2e74724dc13b3ce870a0ce6a06740cfc224f5a9b3d0a870b196e7d4,artifacts/q1/final_100/features/-THoVjtIkeU__12.npz,artifacts/q1/final_100/metadata/-THoVjtIkeU__12.json,39,1479,831,75,74,1.0,1.0,0.7199738621711731,0,0,True,0,0,ok,
-THoVjtIkeU$_$2,-THoVjtIkeU,2,63,1.3333333730697632,Positive,C:\work\数模\中文题目\E题\E题数据\附件1-数据集原始多模态样本\MOSEI数据集部分原始视频-100条\-THoVjtIkeU\2.mp4,/data2/hy/cts/e_problem/data/raw_q1/MOSEI数据集部分原始视频-100条/-THoVjtIkeU/2.mp4,35a6c2464ffd68dd96411edb5dc2763f0efb59f264c1d8b737e616fa6b0d1d5b,artifacts/q1/final_100/features/-THoVjtIkeU__2.npz,artifacts/q1/final_100/metadata/-THoVjtIkeU__2.json,10,421,215,22,20,1.0,1.0,0.7482818365097046,0,0,True,0,0,ok,
-THoVjtIkeU$_$6,-THoVjtIkeU,6,150,2.6666667461395264,Positive,C:\work\数模\中文题目\E题\E题数据\附件1-数据集原始多模态样本\MOSEI数据集部分原始视频-100条\-THoVjtIkeU\6.mp4,/data2/hy/cts/e_problem/data/raw_q1/MOSEI数据集部分原始视频-100条/-THoVjtIkeU/6.mp4,efaa55ee6394032c867046690a92c29edfd825005f0a090cca5ccb763b227f64,artifacts/q1/final_100/features/-THoVjtIkeU__6.npz,artifacts/q1/final_100/metadata/-THoVjtIkeU__6.json,30,796,483,41,37,1.0,0.9,0.7172694802284241,0,0,True,0,0,ok,
-UuX1xuaiiE$_$1,-UuX1xuaiiE,1,148,1.6666666269302368,Positive,C:\work\数模\中文题目\E题\E题数据\附件1-数据集原始多模态样本\MOSEI数据集部分原始视频-100条\-UuX1xuaiiE\1.mp4,/data2/hy/cts/e_problem/data/raw_q1/MOSEI数据集部分原始视频-100条/-UuX1xuaiiE/1.mp4,d5bbda38fcec15817d2b87bab5dcc559d6d425f7d28a82e6c32d13f14b48650c,artifacts/q1/final_100/features/-UuX1xuaiiE__1.npz,artifacts/q1/final_100/metadata/-UuX1xuaiiE__1.json,27,1025,630,52,52,1.0,1.0,0.7310999631881714,0,0,True,0,0,ok,
-UuX1xuaiiE$_$0,-UuX1xuaiiE,0,55,2.6666667461395264,Positive,C:\work\数模\中文题目\E题\E题数据\附件1-数据集原始多模态样本\MOSEI数据集部分原始视频-100条\-UuX1xuaiiE\0.mp4,/data2/hy/cts/e_problem/data/raw_q1/MOSEI数据集部分原始视频-100条/-UuX1xuaiiE/0.mp4,f578b305d53bc152702f5e771de0fcd12d1e9aaefc5cefce3d2082a417aab7c8,artifacts/q1/final_100/features/-UuX1xuaiiE__0.npz,artifacts/q1/final_100/metadata/-UuX1xuaiiE__0.json,9,356,229,19,19,1.0,1.0,0.7117555737495422,0,0,True,0,0,ok,
-UuX1xuaiiE$_$3,-UuX1xuaiiE,3,42,0.3333333432674408,Positive,C:\work\数模\中文题目\E题\E题数据\附件1-数据集原始多模态样本\MOSEI数据集部分原始视频-100条\-UuX1xuaiiE\3.mp4,/data2/hy/cts/e_problem/data/raw_q1/MOSEI数据集部分原始视频-100条/-UuX1xuaiiE/3.mp4,eddb408f25bdc13e6de2fb74caeed709cb7a8f00640e7897135330437f66a2aa,artifacts/q1/final_100/features/-UuX1xuaiiE__3.npz,artifacts/q1/final_100/metadata/-UuX1xuaiiE__3.json,9,402,230,21,21,1.0,1.0,0.742430567741394,0,0,True,0,0,ok,
-UuX1xuaiiE$_$6,-UuX1xuaiiE,6,125,-0.3333333432674408,Negative,C:\work\数模\中文题目\E题\E题数据\附件1-数据集原始多模态样本\MOSEI数据集部分原始视频-100条\-UuX1xuaiiE\6.mp4,/data2/hy/cts/e_problem/data/raw_q1/MOSEI数据集部分原始视频-100条/-UuX1xuaiiE/6.mp4,f0131ac00e44410fbd32c547a0d421c2791172434fc0203bb969abe14a530532,artifacts/q1/final_100/features/-UuX1xuaiiE__6.npz,artifacts/q1/final_100/metadata/-UuX1xuaiiE__6.json,22,792,103,40,40,0.9090909090909091,1.0,0.7225556969642639,2,0,True,0,0,ok,
-a55Q6RWvTA$_$3,-a55Q6RWvTA,3,339,0.6666666865348816,Positive,C:\work\数模\中文题目\E题\E题数据\附件1-数据集原始多模态样本\MOSEI数据集部分原始视频-100条\-a55Q6RWvTA\3.mp4,/data2/hy/cts/e_problem/data/raw_q1/MOSEI数据集部分原始视频-100条/-a55Q6RWvTA/3.mp4,15d029fc15f50b268b98f1e8abc65e45582e638c13a018d7aa74a18373275946,artifacts/q1/final_100/features/-a55Q6RWvTA__3.npz,artifacts/q1/final_100/metadata/-a55Q6RWvTA__3.json,65,2206,998,111,111,1.0,1.0,0.7695939540863037,0,0,True,0,0,ok,
-aNfi7CP8vM$_$7,-aNfi7CP8vM,7,120,0.0,Neutral,C:\work\数模\中文题目\E题\E题数据\附件1-数据集原始多模态样本\MOSEI数据集部分原始视频-100条\-aNfi7CP8vM\7.mp4,/data2/hy/cts/e_problem/data/raw_q1/MOSEI数据集部分原始视频-100条/-aNfi7CP8vM/7.mp4,0b6389f45bb966113c65a11998c6e7facdd24c8c42acf2e8cf32e0f2139402e1,artifacts/q1/final_100/features/-aNfi7CP8vM__7.npz,artifacts/q1/final_100/metadata/-aNfi7CP8vM__7.json,18,852,593,43,43,1.0,1.0,0.7288879156112671,0,0,True,0,0,ok,
-aqamKhZ1Ec$_$0,-aqamKhZ1Ec,0,87,-2.0,Negative,C:\work\数模\中文题目\E题\E题数据\附件1-数据集原始多模态样本\MOSEI数据集部分原始视频-100条\-aqamKhZ1Ec\0.mp4,/data2/hy/cts/e_problem/data/raw_q1/MOSEI数据集部分原始视频-100条/-aqamKhZ1Ec/0.mp4,6f6e674bbba4353399e9e7825217f37e6d8ca1adf9675f33cf37106f31c55548,artifacts/q1/final_100/features/-aqamKhZ1Ec__0.npz,artifacts/q1/final_100/metadata/-aqamKhZ1Ec__0.json,14,1087,558,55,55,1.0,1.0,0.7747469544410706,0,0,True,0,0,ok,
-dxfTGcXJoc$_$1,-dxfTGcXJoc,1,231,1.6666666269302368,Positive,C:\work\数模\中文题目\E题\E题数据\附件1-数据集原始多模态样本\MOSEI数据集部分原始视频-100条\-dxfTGcXJoc\1.mp4,/data2/hy/cts/e_problem/data/raw_q1/MOSEI数据集部分原始视频-100条/-dxfTGcXJoc/1.mp4,b5ffdc98a4a98b8f0aae55dee5fed66a43bcb129f47a250a004c1cc74e572595,artifacts/q1/final_100/features/-dxfTGcXJoc__1.npz,artifacts/q1/final_100/metadata/-dxfTGcXJoc__1.json,36,1600,769,81,81,1.0,1.0,0.7755885124206543,0,0,True,0,0,ok,
-dxfTGcXJoc$_$0,-dxfTGcXJoc,0,265,1.0,Positive,C:\work\数模\中文题目\E题\E题数据\附件1-数据集原始多模态样本\MOSEI数据集部分原始视频-100条\-dxfTGcXJoc\0.mp4,/data2/hy/cts/e_problem/data/raw_q1/MOSEI数据集部分原始视频-100条/-dxfTGcXJoc/0.mp4,04bd0be907fb46c613f926fe1b06bc2c3b30881c293156510baa34a4105ade55,artifacts/q1/final_100/features/-dxfTGcXJoc__0.npz,artifacts/q1/final_100/metadata/-dxfTGcXJoc__0.json,42,2039,896,103,80,1.0,0.8095238095238095,0.7747880220413208,0,0,True,0,0,ok,
-dxfTGcXJoc$_$2,-dxfTGcXJoc,2,231,0.6666666865348816,Positive,C:\work\数模\中文题目\E题\E题数据\附件1-数据集原始多模态样本\MOSEI数据集部分原始视频-100条\-dxfTGcXJoc\2.mp4,/data2/hy/cts/e_problem/data/raw_q1/MOSEI数据集部分原始视频-100条/-dxfTGcXJoc/2.mp4,46a5e523b5dd00364c99a3bcbc6fae4c80e1382a84b5b5e681c46eb074ed10f7,artifacts/q1/final_100/features/-dxfTGcXJoc__2.npz,artifacts/q1/final_100/metadata/-dxfTGcXJoc__2.json,35,1661,820,84,84,1.0,0.9428571428571428,0.7572613954544067,0,0,True,0,0,ok,
-dxfTGcXJoc$_$6,-dxfTGcXJoc,6,188,0.6666666865348816,Positive,C:\work\数模\中文题目\E题\E题数据\附件1-数据集原始多模态样本\MOSEI数据集部分原始视频-100条\-dxfTGcXJoc\6.mp4,/data2/hy/cts/e_problem/data/raw_q1/MOSEI数据集部分原始视频-100条/-dxfTGcXJoc/6.mp4,55c1ff86729ab21da743a5107ed07b220e41b4193cd1c0ba9f009e65c3ab0513,artifacts/q1/final_100/features/-dxfTGcXJoc__6.npz,artifacts/q1/final_100/metadata/-dxfTGcXJoc__6.json,27,1261,497,64,64,0.9629629629629629,1.0,0.7778878808021545,1,0,True,0,0,ok,
-egA8-b7-3M$_$26,-egA8-b7-3M,26,82,1.6666666269302368,Positive,C:\work\数模\中文题目\E题\E题数据\附件1-数据集原始多模态样本\MOSEI数据集部分原始视频-100条\-egA8-b7-3M\26.mp4,/data2/hy/cts/e_problem/data/raw_q1/MOSEI数据集部分原始视频-100条/-egA8-b7-3M/26.mp4,11f78aed680ea9c5862a15e04ff6c1f8776c46d29c98b68d28773ff39d959685,artifacts/q1/final_100/features/-egA8-b7-3M__26.npz,artifacts/q1/final_100/metadata/-egA8-b7-3M__26.json,15,590,416,30,30,1.0,1.0,0.7092276811599731,0,0,True,0,0,ok,
-egA8-b7-3M$_$17,-egA8-b7-3M,17,89,0.3333333432674408,Positive,C:\work\数模\中文题目\E题\E题数据\附件1-数据集原始多模态样本\MOSEI数据集部分原始视频-100条\-egA8-b7-3M\17.mp4,/data2/hy/cts/e_problem/data/raw_q1/MOSEI数据集部分原始视频-100条/-egA8-b7-3M/17.mp4,f967e81e0edd51c3700671721afb3fbecbbc32652f27d2db40ea444e8d80c68f,artifacts/q1/final_100/features/-egA8-b7-3M__17.npz,artifacts/q1/final_100/metadata/-egA8-b7-3M__17.json,16,708,418,36,36,1.0,1.0,0.7241460680961609,0,0,True,0,0,ok,
-egA8-b7-3M$_$18,-egA8-b7-3M,18,125,1.0,Positive,C:\work\数模\中文题目\E题\E题数据\附件1-数据集原始多模态样本\MOSEI数据集部分原始视频-100条\-egA8-b7-3M\18.mp4,/data2/hy/cts/e_problem/data/raw_q1/MOSEI数据集部分原始视频-100条/-egA8-b7-3M/18.mp4,fd4bc95a6adfb16a9588b7ed65cc2812186ce3d607804dc76f4486312951ef90,artifacts/q1/final_100/features/-egA8-b7-3M__18.npz,artifacts/q1/final_100/metadata/-egA8-b7-3M__18.json,22,825,549,42,42,1.0,1.0,0.726878821849823,0,0,True,0,0,ok,
-egA8-b7-3M$_$16,-egA8-b7-3M,16,77,0.6666666865348816,Positive,C:\work\数模\中文题目\E题\E题数据\附件1-数据集原始多模态样本\MOSEI数据集部分原始视频-100条\-egA8-b7-3M\16.mp4,/data2/hy/cts/e_problem/data/raw_q1/MOSEI数据集部分原始视频-100条/-egA8-b7-3M/16.mp4,4c015f85e3bd901ecedde8c0c2ca4a756d9a77dfe4177625c481581f2037ff9c,artifacts/q1/final_100/features/-egA8-b7-3M__16.npz,artifacts/q1/final_100/metadata/-egA8-b7-3M__16.json,11,546,375,28,28,1.0,1.0,0.7189931273460388,0,0,True,0,0,ok,
-egA8-b7-3M$_$13,-egA8-b7-3M,13,65,0.3333333432674408,Positive,C:\work\数模\中文题目\E题\E题数据\附件1-数据集原始多模态样本\MOSEI数据集部分原始视频-100条\-egA8-b7-3M\13.mp4,/data2/hy/cts/e_problem/data/raw_q1/MOSEI数据集部分原始视频-100条/-egA8-b7-3M/13.mp4,cbd627c225ebca37521ae238cb9ec254cad236822f4f37ebfbb039e6c56aea4c,artifacts/q1/final_100/features/-egA8-b7-3M__13.npz,artifacts/q1/final_100/metadata/-egA8-b7-3M__13.json,11,400,252,21,21,1.0,1.0,0.7198232412338257,0,0,True,0,0,ok,
-egA8-b7-3M$_$1,-egA8-b7-3M,1,123,0.6666666865348816,Positive,C:\work\数模\中文题目\E题\E题数据\附件1-数据集原始多模态样本\MOSEI数据集部分原始视频-100条\-egA8-b7-3M\1.mp4,/data2/hy/cts/e_problem/data/raw_q1/MOSEI数据集部分原始视频-100条/-egA8-b7-3M/1.mp4,589a7989b1b4888568c31614a2d6beefba88fb87289c85b94df2d8051500403b,artifacts/q1/final_100/features/-egA8-b7-3M__1.npz,artifacts/q1/final_100/metadata/-egA8-b7-3M__1.json,20,1014,680,51,51,1.0,0.95,0.7363067865371704,0,0,True,0,0,ok,
-egA8-b7-3M$_$6,-egA8-b7-3M,6,80,0.6666666865348816,Positive,C:\work\数模\中文题目\E题\E题数据\附件1-数据集原始多模态样本\MOSEI数据集部分原始视频-100条\-egA8-b7-3M\6.mp4,/data2/hy/cts/e_problem/data/raw_q1/MOSEI数据集部分原始视频-100条/-egA8-b7-3M/6.mp4,2e88a00d5e55863aa956b4b0949fc0e4f2975ccfd83b3194957f6fca86ecfce0,artifacts/q1/final_100/features/-egA8-b7-3M__6.npz,artifacts/q1/final_100/metadata/-egA8-b7-3M__6.json,12,616,432,32,32,1.0,1.0,0.7078647613525391,0,0,True,0,0,ok,
-egA8-b7-3M$_$9,-egA8-b7-3M,9,69,0.3333333432674408,Positive,C:\work\数模\中文题目\E题\E题数据\附件1-数据集原始多模态样本\MOSEI数据集部分原始视频-100条\-egA8-b7-3M\9.mp4,/data2/hy/cts/e_problem/data/raw_q1/MOSEI数据集部分原始视频-100条/-egA8-b7-3M/9.mp4,bcd643f328616312eae9b28e6c9aabbe8acaec3e4c4be58daeb45e3eee4d973c,artifacts/q1/final_100/features/-egA8-b7-3M__9.npz,artifacts/q1/final_100/metadata/-egA8-b7-3M__9.json,10,492,338,25,25,1.0,1.0,0.7128279805183411,0,0,True,0,0,ok,
-egA8-b7-3M$_$20,-egA8-b7-3M,20,98,0.3333333432674408,Positive,C:\work\数模\中文题目\E题\E题数据\附件1-数据集原始多模态样本\MOSEI数据集部分原始视频-100条\-egA8-b7-3M\20.mp4,/data2/hy/cts/e_problem/data/raw_q1/MOSEI数据集部分原始视频-100条/-egA8-b7-3M/20.mp4,719ef133920e74b3ea33925d2bca0270b062199116867568f88ac83cadcd74e8,artifacts/q1/final_100/features/-egA8-b7-3M__20.npz,artifacts/q1/final_100/metadata/-egA8-b7-3M__20.json,20,645,399,33,33,1.0,0.95,0.7045899033546448,0,0,True,0,0,ok,
-iRBcNs9oI8$_$3,-iRBcNs9oI8,3,36,0.6666666865348816,Positive,C:\work\数模\中文题目\E题\E题数据\附件1-数据集原始多模态样本\MOSEI数据集部分原始视频-100条\-iRBcNs9oI8\3.mp4,/data2/hy/cts/e_problem/data/raw_q1/MOSEI数据集部分原始视频-100条/-iRBcNs9oI8/3.mp4,39c547acd1a8da2ebc6c6ab008191a5676420398a974cd9611cad087f0ccec50,artifacts/q1/final_100/features/-iRBcNs9oI8__3.npz,artifacts/q1/final_100/metadata/-iRBcNs9oI8__3.json,8,552,396,28,17,1.0,0.75,0.7366189956665039,0,0,True,0,0,ok,
-iRBcNs9oI8$_$7,-iRBcNs9oI8,7,50,0.6666666865348816,Positive,C:\work\数模\中文题目\E题\E题数据\附件1-数据集原始多模态样本\MOSEI数据集部分原始视频-100条\-iRBcNs9oI8\7.mp4,/data2/hy/cts/e_problem/data/raw_q1/MOSEI数据集部分原始视频-100条/-iRBcNs9oI8/7.mp4,cc7b1c7a06ec41d72007b5c42fb8036f30b66d5cf76e3f093160c22fc5e38081,artifacts/q1/final_100/features/-iRBcNs9oI8__7.npz,artifacts/q1/final_100/metadata/-iRBcNs9oI8__7.json,9,399,300,20,13,1.0,1.0,0.6766316890716553,0,0,True,0,0,ok,
-iRBcNs9oI8$_$6,-iRBcNs9oI8,6,20,0.3333333432674408,Positive,C:\work\数模\中文题目\E题\E题数据\附件1-数据集原始多模态样本\MOSEI数据集部分原始视频-100条\-iRBcNs9oI8\6.mp4,/data2/hy/cts/e_problem/data/raw_q1/MOSEI数据集部分原始视频-100条/-iRBcNs9oI8/6.mp4,030b0b8d8d4ae47799432ab71b66fcc881f077c5b0feef892c1f146dc0a592e3,artifacts/q1/final_100/features/-iRBcNs9oI8__6.npz,artifacts/q1/final_100/metadata/-iRBcNs9oI8__6.json,5,280,227,15,10,1.0,1.0,0.7081214189529419,0,0,True,0,0,ok,
-iRBcNs9oI8$_$9,-iRBcNs9oI8,9,28,1.3333333730697632,Positive,C:\work\数模\中文题目\E题\E题数据\附件1-数据集原始多模态样本\MOSEI数据集部分原始视频-100条\-iRBcNs9oI8\9.mp4,/data2/hy/cts/e_problem/data/raw_q1/MOSEI数据集部分原始视频-100条/-iRBcNs9oI8/9.mp4,352bdcc73d3622d6abac1b09f2039b211d15b9bf7acee66f0b07783c9b7a4c74,artifacts/q1/final_100/features/-iRBcNs9oI8__9.npz,artifacts/q1/final_100/metadata/-iRBcNs9oI8__9.json,5,335,193,17,13,1.0,0.8,0.699927031993866,0,0,True,0,0,ok,
-iRBcNs9oI8$_$8,-iRBcNs9oI8,8,96,1.0,Positive,C:\work\数模\中文题目\E题\E题数据\附件1-数据集原始多模态样本\MOSEI数据集部分原始视频-100条\-iRBcNs9oI8\8.mp4,/data2/hy/cts/e_problem/data/raw_q1/MOSEI数据集部分原始视频-100条/-iRBcNs9oI8/8.mp4,72a49e3da2862addcde033bd2fbae957d086533664ca4dcbccd3a851bcd50412,artifacts/q1/final_100/features/-iRBcNs9oI8__8.npz,artifacts/q1/final_100/metadata/-iRBcNs9oI8__8.json,21,801,558,41,23,1.0,0.7142857142857143,0.7055964469909668,0,0,True,0,0,ok,
-lzEya4AM_4$_$5,-lzEya4AM_4,5,104,-0.6666666865348816,Negative,C:\work\数模\中文题目\E题\E题数据\附件1-数据集原始多模态样本\MOSEI数据集部分原始视频-100条\-lzEya4AM_4\5.mp4,/data2/hy/cts/e_problem/data/raw_q1/MOSEI数据集部分原始视频-100条/-lzEya4AM_4/5.mp4,3b74de8d0e66fd754594f05985e5af3480adcc03555f79225d3b727cb4bed043,artifacts/q1/final_100/features/-lzEya4AM_4__5.npz,artifacts/q1/final_100/metadata/-lzEya4AM_4__5.json,19,755,388,39,39,1.0,1.0,0.7117114067077637,0,0,True,0,0,ok,
-lzEya4AM_4$_$6,-lzEya4AM_4,6,228,-0.3333333432674408,Negative,C:\work\数模\中文题目\E题\E题数据\附件1-数据集原始多模态样本\MOSEI数据集部分原始视频-100条\-lzEya4AM_4\6.mp4,/data2/hy/cts/e_problem/data/raw_q1/MOSEI数据集部分原始视频-100条/-lzEya4AM_4/6.mp4,ff5da5afb551001d58100ed2471caea51c741046d5396957efbf40082307ca18,artifacts/q1/final_100/features/-lzEya4AM_4__6.npz,artifacts/q1/final_100/metadata/-lzEya4AM_4__6.json,43,1472,741,74,74,1.0,0.9767441860465116,0.7292854189872742,0,0,True,0,0,ok,
-mJ2ud6oKI8$_$1,-mJ2ud6oKI8,1,60,0.0,Neutral,C:\work\数模\中文题目\E题\E题数据\附件1-数据集原始多模态样本\MOSEI数据集部分原始视频-100条\-mJ2ud6oKI8\1.mp4,/data2/hy/cts/e_problem/data/raw_q1/MOSEI数据集部分原始视频-100条/-mJ2ud6oKI8/1.mp4,c8e3acb4ca08679796c4c8cdfcd8c2b3cffc0465015efaffa1eccdb55ff4f45b,artifacts/q1/final_100/features/-mJ2ud6oKI8__1.npz,artifacts/q1/final_100/metadata/-mJ2ud6oKI8__1.json,13,603,0,31,0,0.0,0.0,0.4118534326553345,13,0,True,0,0,ok,
-mJ2ud6oKI8$_$2,-mJ2ud6oKI8,2,86,0.0,Neutral,C:\work\数模\中文题目\E题\E题数据\附件1-数据集原始多模态样本\MOSEI数据集部分原始视频-100条\-mJ2ud6oKI8\2.mp4,/data2/hy/cts/e_problem/data/raw_q1/MOSEI数据集部分原始视频-100条/-mJ2ud6oKI8/2.mp4,c41790f8b75f886bd1f5d6d72cbab1985306d0b715e5ae47203f3d0c8a3e7b28,artifacts/q1/final_100/features/-mJ2ud6oKI8__2.npz,artifacts/q1/final_100/metadata/-mJ2ud6oKI8__2.json,11,568,0,29,19,0.0,0.9090909090909091,0.4127952456474304,11,0,True,0,0,ok,
-mJ2ud6oKI8$_$6,-mJ2ud6oKI8,6,22,0.3333333432674408,Positive,C:\work\数模\中文题目\E题\E题数据\附件1-数据集原始多模态样本\MOSEI数据集部分原始视频-100条\-mJ2ud6oKI8\6.mp4,/data2/hy/cts/e_problem/data/raw_q1/MOSEI数据集部分原始视频-100条/-mJ2ud6oKI8/6.mp4,134a3a4ebbc423760133b0da0e90cfe84d75ea85df3968000afd84153c5d828d,artifacts/q1/final_100/features/-mJ2ud6oKI8__6.npz,artifacts/q1/final_100/metadata/-mJ2ud6oKI8__6.json,5,221,44,12,12,0.8,1.0,0.7128587961196899,1,0,True,0,0,ok,
-mJ2ud6oKI8$_$9,-mJ2ud6oKI8,9,112,0.0,Neutral,C:\work\数模\中文题目\E题\E题数据\附件1-数据集原始多模态样本\MOSEI数据集部分原始视频-100条\-mJ2ud6oKI8\9.mp4,/data2/hy/cts/e_problem/data/raw_q1/MOSEI数据集部分原始视频-100条/-mJ2ud6oKI8/9.mp4,df3442f3ed8f894b507923e87e426ae9636790a4a502d00c350a215270cc3e47,artifacts/q1/final_100/features/-mJ2ud6oKI8__9.npz,artifacts/q1/final_100/metadata/-mJ2ud6oKI8__9.json,22,689,114,35,35,0.9545454545454546,1.0,0.7946355938911438,1,0,True,0,0,ok,
-mJ2ud6oKI8$_$8,-mJ2ud6oKI8,8,65,-0.3333333432674408,Negative,C:\work\数模\中文题目\E题\E题数据\附件1-数据集原始多模态样本\MOSEI数据集部分原始视频-100条\-mJ2ud6oKI8\8.mp4,/data2/hy/cts/e_problem/data/raw_q1/MOSEI数据集部分原始视频-100条/-mJ2ud6oKI8/8.mp4,6af6614c9838417a48c4817f4dd5bf1e6669eb5f78f983e9a68adc113fcdc7cc,artifacts/q1/final_100/features/-mJ2ud6oKI8__8.npz,artifacts/q1/final_100/metadata/-mJ2ud6oKI8__8.json,11,415,96,21,21,0.9090909090909091,1.0,0.7018888592720032,2,0,True,0,0,ok,
-mqbVkbCndg$_$0,-mqbVkbCndg,0,71,0.0,Neutral,C:\work\数模\中文题目\E题\E题数据\附件1-数据集原始多模态样本\MOSEI数据集部分原始视频-100条\-mqbVkbCndg\0.mp4,/data2/hy/cts/e_problem/data/raw_q1/MOSEI数据集部分原始视频-100条/-mqbVkbCndg/0.mp4,cdeba953bba30907814acf72f3e35582dec263eaa25bdd922dad7fafe02e4dda,artifacts/q1/final_100/features/-mqbVkbCndg__0.npz,artifacts/q1/final_100/metadata/-mqbVkbCndg__0.json,14,637,304,33,33,1.0,1.0,0.7508160471916199,0,0,True,0,0,ok,
-t217m2on-s$_$2,-t217m2on-s,2,60,0.6666666865348816,Positive,C:\work\数模\中文题目\E题\E题数据\附件1-数据集原始多模态样本\MOSEI数据集部分原始视频-100条\-t217m2on-s\2.mp4,/data2/hy/cts/e_problem/data/raw_q1/MOSEI数据集部分原始视频-100条/-t217m2on-s/2.mp4,6713a983112173204502dc5adbb886bc6c38554b4627698611931420c47663a8,artifacts/q1/final_100/features/-t217m2on-s__2.npz,artifacts/q1/final_100/metadata/-t217m2on-s__2.json,12,561,375,29,29,1.0,1.0,0.7332916855812073,0,0,True,0,0,ok,
-t217m2on-s$_$7,-t217m2on-s,7,245,-0.6666666865348816,Negative,C:\work\数模\中文题目\E题\E题数据\附件1-数据集原始多模态样本\MOSEI数据集部分原始视频-100条\-t217m2on-s\7.mp4,/data2/hy/cts/e_problem/data/raw_q1/MOSEI数据集部分原始视频-100条/-t217m2on-s/7.mp4,41c76b8a733ecb780d56348f55d00f0ba0c07f44f46e93044e62d876710180b7,artifacts/q1/final_100/features/-t217m2on-s__7.npz,artifacts/q1/final_100/metadata/-t217m2on-s__7.json,45,1701,993,86,86,1.0,0.9555555555555556,0.7486498355865479,0,0,True,0,0,ok,
-tANM6ETl_M$_$3,-tANM6ETl_M,3,115,0.3333333432674408,Positive,C:\work\数模\中文题目\E题\E题数据\附件1-数据集原始多模态样本\MOSEI数据集部分原始视频-100条\-tANM6ETl_M\3.mp4,/data2/hy/cts/e_problem/data/raw_q1/MOSEI数据集部分原始视频-100条/-tANM6ETl_M/3.mp4,6d3af064c060dad3816a9e1dfa00101faebd8b7da7d8ceea85b0bc0fca70abd6,artifacts/q1/final_100/features/-tANM6ETl_M__3.npz,artifacts/q1/final_100/metadata/-tANM6ETl_M__3.json,22,658,406,34,32,1.0,0.9090909090909091,0.7364963889122009,0,0,True,0,0,ok,
-tPCytz4rww$_$11,-tPCytz4rww,11,95,0.0,Neutral,C:\work\数模\中文题目\E题\E题数据\附件1-数据集原始多模态样本\MOSEI数据集部分原始视频-100条\-tPCytz4rww\11.mp4,/data2/hy/cts/e_problem/data/raw_q1/MOSEI数据集部分原始视频-100条/-tPCytz4rww/11.mp4,6dc09d02467baaef67594ff32cffb01f8ed1565cda4c5abd161b8261a51e2e5d,artifacts/q1/final_100/features/-tPCytz4rww__11.npz,artifacts/q1/final_100/metadata/-tPCytz4rww__11.json,17,536,191,28,28,1.0,1.0,0.7656601667404175,1,0,True,0,0,ok,
-tPCytz4rww$_$10,-tPCytz4rww,10,65,0.0,Neutral,C:\work\数模\中文题目\E题\E题数据\附件1-数据集原始多模态样本\MOSEI数据集部分原始视频-100条\-tPCytz4rww\10.mp4,/data2/hy/cts/e_problem/data/raw_q1/MOSEI数据集部分原始视频-100条/-tPCytz4rww/10.mp4,758183192cbd5f0f20823d26ece3ddee40dec0aadec35247b2495510a53f52f8,artifacts/q1/final_100/features/-tPCytz4rww__10.npz,artifacts/q1/final_100/metadata/-tPCytz4rww__10.json,12,466,130,24,24,1.0,1.0,0.7764347195625305,0,0,True,0,0,ok,
-tPCytz4rww$_$12,-tPCytz4rww,12,159,0.0,Neutral,C:\work\数模\中文题目\E题\E题数据\附件1-数据集原始多模态样本\MOSEI数据集部分原始视频-100条\-tPCytz4rww\12.mp4,/data2/hy/cts/e_problem/data/raw_q1/MOSEI数据集部分原始视频-100条/-tPCytz4rww/12.mp4,e3c7f9cd67ad2d20fef997696dc278361f97f027db58762e22104e5720d509d5,artifacts/q1/final_100/features/-tPCytz4rww__12.npz,artifacts/q1/final_100/metadata/-tPCytz4rww__12.json,26,1172,304,59,59,1.0,0.9615384615384616,0.7730162739753723,0,0,True,0,0,ok,
-tPCytz4rww$_$16,-tPCytz4rww,16,74,0.0,Neutral,C:\work\数模\中文题目\E题\E题数据\附件1-数据集原始多模态样本\MOSEI数据集部分原始视频-100条\-tPCytz4rww\16.mp4,/data2/hy/cts/e_problem/data/raw_q1/MOSEI数据集部分原始视频-100条/-tPCytz4rww/16.mp4,8b3f82f9628792eebaf8c227becc2ebeba59bb8abb668bcca86e07fb1a992a93,artifacts/q1/final_100/features/-tPCytz4rww__16.npz,artifacts/q1/final_100/metadata/-tPCytz4rww__16.json,16,712,262,36,36,1.0,0.9375,0.7577149868011475,0,0,True,0,0,ok,
-tPCytz4rww$_$18,-tPCytz4rww,18,86,0.0,Neutral,C:\work\数模\中文题目\E题\E题数据\附件1-数据集原始多模态样本\MOSEI数据集部分原始视频-100条\-tPCytz4rww\18.mp4,/data2/hy/cts/e_problem/data/raw_q1/MOSEI数据集部分原始视频-100条/-tPCytz4rww/18.mp4,eece70451e9c37a4b5f375bf646f66e09113fe3467f35bf1720cc14d986c1776,artifacts/q1/final_100/features/-tPCytz4rww__18.npz,artifacts/q1/final_100/metadata/-tPCytz4rww__18.json,16,655,181,34,34,0.875,1.0,0.7784916162490845,2,0,True,0,0,ok,
-vxjVxOeScU$_$4,-vxjVxOeScU,4,123,1.0,Positive,C:\work\数模\中文题目\E题\E题数据\附件1-数据集原始多模态样本\MOSEI数据集部分原始视频-100条\-vxjVxOeScU\4.mp4,/data2/hy/cts/e_problem/data/raw_q1/MOSEI数据集部分原始视频-100条/-vxjVxOeScU/4.mp4,00282df9a314394f19d616d561bd1916d1d30dca4c814dfb43630ca164f4c719,artifacts/q1/final_100/features/-vxjVxOeScU__4.npz,artifacts/q1/final_100/metadata/-vxjVxOeScU__4.json,21,902,654,46,44,1.0,1.0,0.7541252970695496,0,0,True,0,0,ok,
-wMB_hJL-3o$_$7,-wMB_hJL-3o,7,107,0.3333333432674408,Positive,C:\work\数模\中文题目\E题\E题数据\附件1-数据集原始多模态样本\MOSEI数据集部分原始视频-100条\-wMB_hJL-3o\7.mp4,/data2/hy/cts/e_problem/data/raw_q1/MOSEI数据集部分原始视频-100条/-wMB_hJL-3o/7.mp4,04a73d73fd150b07edab8e652fd14c9cb4a0f6e017ea97b17e8146e377b9fae7,artifacts/q1/final_100/features/-wMB_hJL-3o__7.npz,artifacts/q1/final_100/metadata/-wMB_hJL-3o__7.json,22,596,238,31,31,0.9545454545454546,0.9545454545454546,0.6946464776992798,1,0,True,0,0,ok,
-wny0OAz3g8$_$1,-wny0OAz3g8,1,141,0.3333333432674408,Positive,C:\work\数模\中文题目\E题\E题数据\附件1-数据集原始多模态样本\MOSEI数据集部分原始视频-100条\-wny0OAz3g8\1.mp4,/data2/hy/cts/e_problem/data/raw_q1/MOSEI数据集部分原始视频-100条/-wny0OAz3g8/1.mp4,c5535859f129ce04da5f5b5104d02d4168057b9d947a5349d423278ad4f3d8e8,artifacts/q1/final_100/features/-wny0OAz3g8__1.npz,artifacts/q1/final_100/metadata/-wny0OAz3g8__1.json,22,676,525,35,35,1.0,1.0,0.7196992039680481,0,0,True,0,0,ok,
-wny0OAz3g8$_$0,-wny0OAz3g8,0,53,0.3333333432674408,Positive,C:\work\数模\中文题目\E题\E题数据\附件1-数据集原始多模态样本\MOSEI数据集部分原始视频-100条\-wny0OAz3g8\0.mp4,/data2/hy/cts/e_problem/data/raw_q1/MOSEI数据集部分原始视频-100条/-wny0OAz3g8/0.mp4,1cc21b4432e2f4b592284ee40558a18acc7d208019117aebdb2f6a1b67ea198d,artifacts/q1/final_100/features/-wny0OAz3g8__0.npz,artifacts/q1/final_100/metadata/-wny0OAz3g8__0.json,9,325,245,17,17,1.0,1.0,0.7289926409721375,0,0,True,0,0,ok,
-wny0OAz3g8$_$3,-wny0OAz3g8,3,117,-1.3333333730697632,Negative,C:\work\数模\中文题目\E题\E题数据\附件1-数据集原始多模态样本\MOSEI数据集部分原始视频-100条\-wny0OAz3g8\3.mp4,/data2/hy/cts/e_problem/data/raw_q1/MOSEI数据集部分原始视频-100条/-wny0OAz3g8/3.mp4,ea917c506bc9fa39460f2b722f7c416f646312bb17cd74baa618905b54837bce,artifacts/q1/final_100/features/-wny0OAz3g8__3.npz,artifacts/q1/final_100/metadata/-wny0OAz3g8__3.json,20,608,531,31,31,1.0,1.0,0.6938014626502991,0,0,True,0,0,ok,
-wny0OAz3g8$_$2,-wny0OAz3g8,2,137,-0.3333333432674408,Negative,C:\work\数模\中文题目\E题\E题数据\附件1-数据集原始多模态样本\MOSEI数据集部分原始视频-100条\-wny0OAz3g8\2.mp4,/data2/hy/cts/e_problem/data/raw_q1/MOSEI数据集部分原始视频-100条/-wny0OAz3g8/2.mp4,1825fb37db2e914fb616cd80aebd613afd873eecb7edd4d0b53158bfda0e522a,artifacts/q1/final_100/features/-wny0OAz3g8__2.npz,artifacts/q1/final_100/metadata/-wny0OAz3g8__2.json,23,650,509,33,33,1.0,0.9565217391304348,0.6953691244125366,0,0,True,0,0,ok,
-wny0OAz3g8$_$5,-wny0OAz3g8,5,125,1.0,Positive,C:\work\数模\中文题目\E题\E题数据\附件1-数据集原始多模态样本\MOSEI数据集部分原始视频-100条\-wny0OAz3g8\5.mp4,/data2/hy/cts/e_problem/data/raw_q1/MOSEI数据集部分原始视频-100条/-wny0OAz3g8/5.mp4,6c6a8a4cba654b25190ab1793bfae81c3d2159ecd6cbc02d3fcbd598543acce0,artifacts/q1/final_100/features/-wny0OAz3g8__5.npz,artifacts/q1/final_100/metadata/-wny0OAz3g8__5.json,20,672,511,34,34,1.0,1.0,0.7088412046432495,0,0,True,0,0,ok,
-wny0OAz3g8$_$7,-wny0OAz3g8,7,157,0.0,Neutral,C:\work\数模\中文题目\E题\E题数据\附件1-数据集原始多模态样本\MOSEI数据集部分原始视频-100条\-wny0OAz3g8\7.mp4,/data2/hy/cts/e_problem/data/raw_q1/MOSEI数据集部分原始视频-100条/-wny0OAz3g8/7.mp4,cbf9cac1048ce191aef781d0c4563eb97f9f3ddd52eb1f9551fa78d31d70e7cd,artifacts/q1/final_100/features/-wny0OAz3g8__7.npz,artifacts/q1/final_100/metadata/-wny0OAz3g8__7.json,29,789,617,40,40,1.0,0.8620689655172413,0.690535843372345,0,0,True,0,0,ok,
-wny0OAz3g8$_$9,-wny0OAz3g8,9,118,0.6666666865348816,Positive,C:\work\数模\中文题目\E题\E题数据\附件1-数据集原始多模态样本\MOSEI数据集部分原始视频-100条\-wny0OAz3g8\9.mp4,/data2/hy/cts/e_problem/data/raw_q1/MOSEI数据集部分原始视频-100条/-wny0OAz3g8/9.mp4,b76f70fe783ee76bf1b637137226c98e67d13a6b15ec725894175b36cd76a136,artifacts/q1/final_100/features/-wny0OAz3g8__9.npz,artifacts/q1/final_100/metadata/-wny0OAz3g8__9.json,20,602,496,31,31,1.0,0.95,0.6907722353935242,0,0,True,0,0,ok,
-571d8cVauQ$_$0,-571d8cVauQ,0,72,0.0,Neutral,C:\work\数模\中文题目\E题\E题数据\附件1-数据集原始多模态样本\MOSEI数据集部分原始视频-100条\-571d8cVauQ\0.mp4,/data2/hy/cts/e_problem/data/raw_q1/MOSEI数据集部分原始视频-100条/-571d8cVauQ/0.mp4,defc62e1530d9b0cd27f2acfe042b71dd84d7e8c85f1df261f04912091976088,artifacts/q1/final_100/features/-571d8cVauQ__0.npz,artifacts/q1/final_100/metadata/-571d8cVauQ__0.json,12,497,213,26,23,1.0,0.9166666666666666,0.6921615600585938,0,0,True,0,0,ok,
-571d8cVauQ$_$5,-571d8cVauQ,5,229,0.3333333432674408,Positive,C:\work\数模\中文题目\E题\E题数据\附件1-数据集原始多模态样本\MOSEI数据集部分原始视频-100条\-571d8cVauQ\5.mp4,/data2/hy/cts/e_problem/data/raw_q1/MOSEI数据集部分原始视频-100条/-571d8cVauQ/5.mp4,e304c03fac1f477823fe0926c4fb421b9c4e4091f85718b729afe856c24a7d3e,artifacts/q1/final_100/features/-571d8cVauQ__5.npz,artifacts/q1/final_100/metadata/-571d8cVauQ__5.json,43,1510,829,76,76,1.0,0.9767441860465116,0.7227405905723572,0,0,True,0,0,ok,
-I_e4mIh0yE$_$1,-I_e4mIh0yE,1,98,-0.6666666865348816,Negative,C:\work\数模\中文题目\E题\E题数据\附件1-数据集原始多模态样本\MOSEI数据集部分原始视频-100条\-I_e4mIh0yE\1.mp4,/data2/hy/cts/e_problem/data/raw_q1/MOSEI数据集部分原始视频-100条/-I_e4mIh0yE/1.mp4,8453a966d4bd1f0179eb86a35cd34c0864a3a3bc2fa86f37783060cc0d14f5df,artifacts/q1/final_100/features/-I_e4mIh0yE__1.npz,artifacts/q1/final_100/metadata/-I_e4mIh0yE__1.json,18,742,163,38,38,1.0,1.0,0.6989742517471313,0,0,True,0,0,ok,
-I_e4mIh0yE$_$3,-I_e4mIh0yE,3,132,0.6666666865348816,Positive,C:\work\数模\中文题目\E题\E题数据\附件1-数据集原始多模态样本\MOSEI数据集部分原始视频-100条\-I_e4mIh0yE\3.mp4,/data2/hy/cts/e_problem/data/raw_q1/MOSEI数据集部分原始视频-100条/-I_e4mIh0yE/3.mp4,a015f02ae51d74c42ad27e2a0831263a303f0658ac8d984819e27ad61342b23e,artifacts/q1/final_100/features/-I_e4mIh0yE__3.npz,artifacts/q1/final_100/metadata/-I_e4mIh0yE__3.json,22,897,219,46,46,1.0,1.0,0.7291849255561829,0,0,True,0,0,ok,
-UacrmKiTn4$_$10,-UacrmKiTn4,10,95,-0.6666666865348816,Negative,C:\work\数模\中文题目\E题\E题数据\附件1-数据集原始多模态样本\MOSEI数据集部分原始视频-100条\-UacrmKiTn4\10.mp4,/data2/hy/cts/e_problem/data/raw_q1/MOSEI数据集部分原始视频-100条/-UacrmKiTn4/10.mp4,00312e0602dbeac970de5d7dd0e8a970e514fe45d7fe6625b4f454b299e36360,artifacts/q1/final_100/features/-UacrmKiTn4__10.npz,artifacts/q1/final_100/metadata/-UacrmKiTn4__10.json,18,722,513,37,37,1.0,1.0,0.7207076549530029,0,0,True,0,0,ok,
-UacrmKiTn4$_$4,-UacrmKiTn4,4,72,-1.3333333730697632,Negative,C:\work\数模\中文题目\E题\E题数据\附件1-数据集原始多模态样本\MOSEI数据集部分原始视频-100条\-UacrmKiTn4\4.mp4,/data2/hy/cts/e_problem/data/raw_q1/MOSEI数据集部分原始视频-100条/-UacrmKiTn4/4.mp4,a7f2ab0d6ee2e2a2d5cd4239f03e6cac67c618ddb744891323df3ff87e29af84,artifacts/q1/final_100/features/-UacrmKiTn4__4.npz,artifacts/q1/final_100/metadata/-UacrmKiTn4__4.json,14,466,282,24,24,1.0,1.0,0.7369567155838013,0,0,True,0,0,ok,
-hnBHBN8p5A$_$7,-hnBHBN8p5A,7,78,0.6666666865348816,Positive,C:\work\数模\中文题目\E题\E题数据\附件1-数据集原始多模态样本\MOSEI数据集部分原始视频-100条\-hnBHBN8p5A\7.mp4,/data2/hy/cts/e_problem/data/raw_q1/MOSEI数据集部分原始视频-100条/-hnBHBN8p5A/7.mp4,0ec6fb76226315d3fafbb483e3500e60cc8a6729617b10e4b4b76163595080fb,artifacts/q1/final_100/features/-hnBHBN8p5A__7.npz,artifacts/q1/final_100/metadata/-hnBHBN8p5A__7.json,13,729,351,36,32,1.0,1.0,0.7341498732566833,0,0,True,0,0,ok,
-hnBHBN8p5A$_$6,-hnBHBN8p5A,6,84,1.0,Positive,C:\work\数模\中文题目\E题\E题数据\附件1-数据集原始多模态样本\MOSEI数据集部分原始视频-100条\-hnBHBN8p5A\6.mp4,/data2/hy/cts/e_problem/data/raw_q1/MOSEI数据集部分原始视频-100条/-hnBHBN8p5A/6.mp4,997f6808ac3973ddd71800e91c8e10755c10b5037186d84348a79e00d672fdc7,artifacts/q1/final_100/features/-hnBHBN8p5A__6.npz,artifacts/q1/final_100/metadata/-hnBHBN8p5A__6.json,13,631,382,31,17,1.0,0.6923076923076923,0.7028372883796692,0,0,True,0,0,ok,
-qDkUB0GgYY$_$6,-qDkUB0GgYY,6,75,1.3333333730697632,Positive,C:\work\数模\中文题目\E题\E题数据\附件1-数据集原始多模态样本\MOSEI数据集部分原始视频-100条\-qDkUB0GgYY\6.mp4,/data2/hy/cts/e_problem/data/raw_q1/MOSEI数据集部分原始视频-100条/-qDkUB0GgYY/6.mp4,ab19bf4a761d3919b7113b1104ccaadbbf0c4e7b45694904d094280a2c329c8b,artifacts/q1/final_100/features/-qDkUB0GgYY__6.npz,artifacts/q1/final_100/metadata/-qDkUB0GgYY__6.json,16,459,342,24,24,1.0,0.9375,0.7092909812927246,0,0,True,0,0,ok,
-uywlfIYOS8$_$4,-uywlfIYOS8,4,93,0.3333333432674408,Positive,C:\work\数模\中文题目\E题\E题数据\附件1-数据集原始多模态样本\MOSEI数据集部分原始视频-100条\-uywlfIYOS8\4.mp4,/data2/hy/cts/e_problem/data/raw_q1/MOSEI数据集部分原始视频-100条/-uywlfIYOS8/4.mp4,fde46f5222cf5cfec7af9c93214c972ce2d686b0bf9c90a291021601968986f9,artifacts/q1/final_100/features/-uywlfIYOS8__4.npz,artifacts/q1/final_100/metadata/-uywlfIYOS8__4.json,18,586,453,30,30,1.0,1.0,0.7057092189788818,0,0,True,0,0,ok,
-6rXp3zJ3kc$_$8,-6rXp3zJ3kc,8,170,-1.0,Negative,C:\work\数模\中文题目\E题\E题数据\附件1-数据集原始多模态样本\MOSEI数据集部分原始视频-100条\-6rXp3zJ3kc\8.mp4,/data2/hy/cts/e_problem/data/raw_q1/MOSEI数据集部分原始视频-100条/-6rXp3zJ3kc/8.mp4,59b77a0f873b7fa95e7327b93d64bb5a4bdae84039321988ef70bba8e63ee1ae,artifacts/q1/final_100/features/-6rXp3zJ3kc__8.npz,artifacts/q1/final_100/metadata/-6rXp3zJ3kc__8.json,34,1272,459,64,64,1.0,0.9705882352941176,0.7393656969070435,0,0,True,0,0,ok,
-9y-fZ3swSY$_$0,-9y-fZ3swSY,0,102,1.0,Positive,C:\work\数模\中文题目\E题\E题数据\附件1-数据集原始多模态样本\MOSEI数据集部分原始视频-100条\-9y-fZ3swSY\0.mp4,/data2/hy/cts/e_problem/data/raw_q1/MOSEI数据集部分原始视频-100条/-9y-fZ3swSY/0.mp4,29a1fd181293cdbe24e50edcad51e3cc0f27a5824d840bcc39d453b272fb6e3c,artifacts/q1/final_100/features/-9y-fZ3swSY__0.npz,artifacts/q1/final_100/metadata/-9y-fZ3swSY__0.json,22,674,493,35,34,1.0,0.9545454545454546,0.7214956879615784,0,0,True,0,0,ok,
-9y-fZ3swSY$_$4,-9y-fZ3swSY,4,33,0.0,Neutral,C:\work\数模\中文题目\E题\E题数据\附件1-数据集原始多模态样本\MOSEI数据集部分原始视频-100条\-9y-fZ3swSY\4.mp4,/data2/hy/cts/e_problem/data/raw_q1/MOSEI数据集部分原始视频-100条/-9y-fZ3swSY/4.mp4,fe04a26710e85c58bdaad5a48618c7e0f742d82b0d920eb4a046c8f14a6921dc,artifacts/q1/final_100/features/-9y-fZ3swSY__4.npz,artifacts/q1/final_100/metadata/-9y-fZ3swSY__4.json,9,264,158,14,14,1.0,1.0,0.7132362127304077,0,0,True,0,0,ok,
-9y-fZ3swSY$_$8,-9y-fZ3swSY,8,55,1.6666666269302368,Positive,C:\work\数模\中文题目\E题\E题数据\附件1-数据集原始多模态样本\MOSEI数据集部分原始视频-100条\-9y-fZ3swSY\8.mp4,/data2/hy/cts/e_problem/data/raw_q1/MOSEI数据集部分原始视频-100条/-9y-fZ3swSY/8.mp4,6140d031e614b62a5d8df73346fef2417c28cee3501310aa95aa40d358b4b256,artifacts/q1/final_100/features/-9y-fZ3swSY__8.npz,artifacts/q1/final_100/metadata/-9y-fZ3swSY__8.json,12,490,299,25,15,1.0,0.5833333333333334,0.735573947429657,0,0,True,0,0,ok,
-AUZQgSxyPQ$_$2,-AUZQgSxyPQ,2,262,0.6666666865348816,Positive,C:\work\数模\中文题目\E题\E题数据\附件1-数据集原始多模态样本\MOSEI数据集部分原始视频-100条\-AUZQgSxyPQ\2.mp4,/data2/hy/cts/e_problem/data/raw_q1/MOSEI数据集部分原始视频-100条/-AUZQgSxyPQ/2.mp4,e09034b30bb4f8fb9f9c2568afc20f2a764e327fe6ef4e13f21804eaac51bb7b,artifacts/q1/final_100/features/-AUZQgSxyPQ__2.npz,artifacts/q1/final_100/metadata/-AUZQgSxyPQ__2.json,41,2238,1166,113,113,1.0,1.0,0.7163442969322205,0,0,True,0,0,ok,
-HeZS2-Prhc$_$2,-HeZS2-Prhc,2,77,0.6666666865348816,Positive,C:\work\数模\中文题目\E题\E题数据\附件1-数据集原始多模态样本\MOSEI数据集部分原始视频-100条\-HeZS2-Prhc\2.mp4,/data2/hy/cts/e_problem/data/raw_q1/MOSEI数据集部分原始视频-100条/-HeZS2-Prhc/2.mp4,edb0fa22fdfbd990c8174764af78670bd2ecad799240d35d96a1124a3cd9dc0c,artifacts/q1/final_100/features/-HeZS2-Prhc__2.npz,artifacts/q1/final_100/metadata/-HeZS2-Prhc__2.json,16,813,541,41,41,1.0,1.0,0.7342689633369446,0,0,True,0,0,ok,
-MeTTeMJBNc$_$0,-MeTTeMJBNc,0,117,0.3333333432674408,Positive,C:\work\数模\中文题目\E题\E题数据\附件1-数据集原始多模态样本\MOSEI数据集部分原始视频-100条\-MeTTeMJBNc\0.mp4,/data2/hy/cts/e_problem/data/raw_q1/MOSEI数据集部分原始视频-100条/-MeTTeMJBNc/0.mp4,54e2097f7bdb455d243e72254e5af7ed16160739f2f3cfd22f57d2729ec1acbe,artifacts/q1/final_100/features/-MeTTeMJBNc__0.npz,artifacts/q1/final_100/metadata/-MeTTeMJBNc__0.json,21,920,518,47,46,1.0,1.0,0.7514187693595886,0,0,True,0,0,ok,
-MeTTeMJBNc$_$13,-MeTTeMJBNc,13,70,0.3333333432674408,Positive,C:\work\数模\中文题目\E题\E题数据\附件1-数据集原始多模态样本\MOSEI数据集部分原始视频-100条\-MeTTeMJBNc\13.mp4,/data2/hy/cts/e_problem/data/raw_q1/MOSEI数据集部分原始视频-100条/-MeTTeMJBNc/13.mp4,80c5d996e5d7b61c58e1fe32d706efcaf80c8c8cddb5c37a5c66d527786c2a44,artifacts/q1/final_100/features/-MeTTeMJBNc__13.npz,artifacts/q1/final_100/metadata/-MeTTeMJBNc__13.json,14,524,254,27,27,1.0,0.9285714285714286,0.7440664172172546,0,0,True,0,0,ok,
-MeTTeMJBNc$_$7,-MeTTeMJBNc,7,160,1.3333333730697632,Positive,C:\work\数模\中文题目\E题\E题数据\附件1-数据集原始多模态样本\MOSEI数据集部分原始视频-100条\-MeTTeMJBNc\7.mp4,/data2/hy/cts/e_problem/data/raw_q1/MOSEI数据集部分原始视频-100条/-MeTTeMJBNc/7.mp4,40716dc7402fd6398038eded58ce939ec76be6afbeea346b968bf4c427088f3a,artifacts/q1/final_100/features/-MeTTeMJBNc__7.npz,artifacts/q1/final_100/metadata/-MeTTeMJBNc__7.json,31,1039,644,53,53,1.0,0.967741935483871,0.7325955629348755,0,0,True,0,0,ok,
-RfYyzHpjk4$_$11,-RfYyzHpjk4,11,89,2.0,Positive,C:\work\数模\中文题目\E题\E题数据\附件1-数据集原始多模态样本\MOSEI数据集部分原始视频-100条\-RfYyzHpjk4\11.mp4,/data2/hy/cts/e_problem/data/raw_q1/MOSEI数据集部分原始视频-100条/-RfYyzHpjk4/11.mp4,96e481cd732001239639c8cb4e7f94e570925e5a15940920ffab0cec1f13f904,artifacts/q1/final_100/features/-RfYyzHpjk4__11.npz,artifacts/q1/final_100/metadata/-RfYyzHpjk4__11.json,17,505,359,26,24,1.0,0.9411764705882353,0.6900293231010437,0,0,True,0,0,ok,
-RfYyzHpjk4$_$8,-RfYyzHpjk4,8,81,0.3333333432674408,Positive,C:\work\数模\中文题目\E题\E题数据\附件1-数据集原始多模态样本\MOSEI数据集部分原始视频-100条\-RfYyzHpjk4\8.mp4,/data2/hy/cts/e_problem/data/raw_q1/MOSEI数据集部分原始视频-100条/-RfYyzHpjk4/8.mp4,ed8c672c532b8c7d1c830c82d6e2c14fcb3bbd3dc1a86670a03a6c8e83c02f3c,artifacts/q1/final_100/features/-RfYyzHpjk4__8.npz,artifacts/q1/final_100/metadata/-RfYyzHpjk4__8.json,17,451,304,23,23,0.9411764705882353,0.9411764705882353,0.6777150630950928,1,0,True,0,0,ok,
-RfYyzHpjk4$_$2,-RfYyzHpjk4,2,119,0.3333333432674408,Positive,C:\work\数模\中文题目\E题\E题数据\附件1-数据集原始多模态样本\MOSEI数据集部分原始视频-100条\-RfYyzHpjk4\2.mp4,/data2/hy/cts/e_problem/data/raw_q1/MOSEI数据集部分原始视频-100条/-RfYyzHpjk4/2.mp4,5e428ee22de58c9d6561b9b4353bef9dfb811a5841d9ab07b5bc453d697ad17f,artifacts/q1/final_100/features/-RfYyzHpjk4__2.npz,artifacts/q1/final_100/metadata/-RfYyzHpjk4__2.json,25,537,375,28,28,1.0,0.84,0.6849377155303955,0,0,True,0,0,ok,
-UUCSKoHeMA$_$0,-UUCSKoHeMA,0,93,0.0,Neutral,C:\work\数模\中文题目\E题\E题数据\附件1-数据集原始多模态样本\MOSEI数据集部分原始视频-100条\-UUCSKoHeMA\0.mp4,/data2/hy/cts/e_problem/data/raw_q1/MOSEI数据集部分原始视频-100条/-UUCSKoHeMA/0.mp4,3f9792888ec8e969f61cfb6cb4de7bdf7ef8944afe0a9d2a9d13586e1f13b898,artifacts/q1/final_100/features/-UUCSKoHeMA__0.npz,artifacts/q1/final_100/metadata/-UUCSKoHeMA__0.json,18,771,505,39,38,1.0,1.0,0.7271134257316589,0,0,True,0,0,ok,
-ri04Z7vwnc$_$0,-ri04Z7vwnc,0,43,0.0,Neutral,C:\work\数模\中文题目\E题\E题数据\附件1-数据集原始多模态样本\MOSEI数据集部分原始视频-100条\-ri04Z7vwnc\0.mp4,/data2/hy/cts/e_problem/data/raw_q1/MOSEI数据集部分原始视频-100条/-ri04Z7vwnc/0.mp4,93021c70c8fad20ad3fded80e7fc790a2f9c96835de58a3b694c6906de42684b,artifacts/q1/final_100/features/-ri04Z7vwnc__0.npz,artifacts/q1/final_100/metadata/-ri04Z7vwnc__0.json,8,274,230,14,0,1.0,0.0,0.7043611407279968,0,0,True,0,0,ok,
-ri04Z7vwnc$_$2,-ri04Z7vwnc,2,99,-0.3333333432674408,Negative,C:\work\数模\中文题目\E题\E题数据\附件1-数据集原始多模态样本\MOSEI数据集部分原始视频-100条\-ri04Z7vwnc\2.mp4,/data2/hy/cts/e_problem/data/raw_q1/MOSEI数据集部分原始视频-100条/-ri04Z7vwnc/2.mp4,f5993ce3a6ee56298462c08692a96f78c7d914d7264257ed401de7d6e17fd148,artifacts/q1/final_100/features/-ri04Z7vwnc__2.npz,artifacts/q1/final_100/metadata/-ri04Z7vwnc__2.json,16,589,464,29,10,1.0,0.375,0.7053980827331543,0,0,True,0,0,ok,
-ri04Z7vwnc$_$5,-ri04Z7vwnc,5,47,0.3333333432674408,Positive,C:\work\数模\中文题目\E题\E题数据\附件1-数据集原始多模态样本\MOSEI数据集部分原始视频-100条\-ri04Z7vwnc\5.mp4,/data2/hy/cts/e_problem/data/raw_q1/MOSEI数据集部分原始视频-100条/-ri04Z7vwnc/5.mp4,2a5e4319bf592a18c8eb5117f7c7ec30c6c79528f9eac9fe4fb85bf70f277736,artifacts/q1/final_100/features/-ri04Z7vwnc__5.npz,artifacts/q1/final_100/metadata/-ri04Z7vwnc__5.json,8,342,277,17,17,1.0,1.0,0.6759285926818848,0,0,True,0,0,ok,
-s9qJ7ATP7w$_$1,-s9qJ7ATP7w,1,50,0.6666666865348816,Positive,C:\work\数模\中文题目\E题\E题数据\附件1-数据集原始多模态样本\MOSEI数据集部分原始视频-100条\-s9qJ7ATP7w\1.mp4,/data2/hy/cts/e_problem/data/raw_q1/MOSEI数据集部分原始视频-100条/-s9qJ7ATP7w/1.mp4,a33e8f82a185bcb7648b523927308cdc2142e3076479ba2b45cd0e828636fc09,artifacts/q1/final_100/features/-s9qJ7ATP7w__1.npz,artifacts/q1/final_100/metadata/-s9qJ7ATP7w__1.json,11,462,142,24,24,1.0,1.0,0.7363827228546143,0,0,True,0,0,ok,
-s9qJ7ATP7w$_$0,-s9qJ7ATP7w,0,112,-0.3333333432674408,Negative,C:\work\数模\中文题目\E题\E题数据\附件1-数据集原始多模态样本\MOSEI数据集部分原始视频-100条\-s9qJ7ATP7w\0.mp4,/data2/hy/cts/e_problem/data/raw_q1/MOSEI数据集部分原始视频-100条/-s9qJ7ATP7w/0.mp4,f2324dbc6debe0d1e4254e6f943523373e3cbb30d8d0555413ce3a7b370a4af5,artifacts/q1/final_100/features/-s9qJ7ATP7w__0.npz,artifacts/q1/final_100/metadata/-s9qJ7ATP7w__0.json,24,669,250,34,34,0.9583333333333334,1.0,0.6952524781227112,1,0,True,0,0,ok,
-s9qJ7ATP7w$_$5,-s9qJ7ATP7w,5,88,-2.0,Negative,C:\work\数模\中文题目\E题\E题数据\附件1-数据集原始多模态样本\MOSEI数据集部分原始视频-100条\-s9qJ7ATP7w\5.mp4,/data2/hy/cts/e_problem/data/raw_q1/MOSEI数据集部分原始视频-100条/-s9qJ7ATP7w/5.mp4,bd35eb8de64ce1f8b27921294598f7cf5bb971255738f51d06458c7096c58eae,artifacts/q1/final_100/features/-s9qJ7ATP7w__5.npz,artifacts/q1/final_100/metadata/-s9qJ7ATP7w__5.json,19,838,365,43,41,1.0,0.9473684210526315,0.7271749377250671,0,0,True,0,0,ok,
-s9qJ7ATP7w$_$4,-s9qJ7ATP7w,4,52,0.0,Neutral,C:\work\数模\中文题目\E题\E题数据\附件1-数据集原始多模态样本\MOSEI数据集部分原始视频-100条\-s9qJ7ATP7w\4.mp4,/data2/hy/cts/e_problem/data/raw_q1/MOSEI数据集部分原始视频-100条/-s9qJ7ATP7w/4.mp4,76e0672ffce5857a789b41fb10606402f7da58c33579b1032a8282f86fb35bc9,artifacts/q1/final_100/features/-s9qJ7ATP7w__4.npz,artifacts/q1/final_100/metadata/-s9qJ7ATP7w__4.json,9,423,168,22,19,1.0,0.7777777777777778,0.735691249370575,0,0,True,0,0,ok,
-s9qJ7ATP7w$_$7,-s9qJ7ATP7w,7,136,1.0,Positive,C:\work\数模\中文题目\E题\E题数据\附件1-数据集原始多模态样本\MOSEI数据集部分原始视频-100条\-s9qJ7ATP7w\7.mp4,/data2/hy/cts/e_problem/data/raw_q1/MOSEI数据集部分原始视频-100条/-s9qJ7ATP7w/7.mp4,5301f4403cf7cd299cc525d2f443392ac70fd70c3c9cd4a09406f2ba4df6734d,artifacts/q1/final_100/features/-s9qJ7ATP7w__7.npz,artifacts/q1/final_100/metadata/-s9qJ7ATP7w__7.json,28,682,132,35,27,0.9642857142857143,0.6428571428571429,0.7414198517799377,1,0,True,0,0,ok,
-s9qJ7ATP7w$_$6,-s9qJ7ATP7w,6,21,0.0,Neutral,C:\work\数模\中文题目\E题\E题数据\附件1-数据集原始多模态样本\MOSEI数据集部分原始视频-100条\-s9qJ7ATP7w\6.mp4,/data2/hy/cts/e_problem/data/raw_q1/MOSEI数据集部分原始视频-100条/-s9qJ7ATP7w/6.mp4,40b684fd1b4559f0f82e72f9b47f4ce7c5e15059fe8d0d8ab112637cd3386451,artifacts/q1/final_100/features/-s9qJ7ATP7w__6.npz,artifacts/q1/final_100/metadata/-s9qJ7ATP7w__6.json,5,229,34,12,10,1.0,1.0,0.7651931047439575,0,0,True,0,0,ok,
-s9qJ7ATP7w$_$8,-s9qJ7ATP7w,8,60,1.3333333730697632,Positive,C:\work\数模\中文题目\E题\E题数据\附件1-数据集原始多模态样本\MOSEI数据集部分原始视频-100条\-s9qJ7ATP7w\8.mp4,/data2/hy/cts/e_problem/data/raw_q1/MOSEI数据集部分原始视频-100条/-s9qJ7ATP7w/8.mp4,1de4d91bd9d9fb508a3779658747da88460db0bdb1beefe7ea5b2c77edfd2239,artifacts/q1/final_100/features/-s9qJ7ATP7w__8.npz,artifacts/q1/final_100/metadata/-s9qJ7ATP7w__8.json,12,316,117,17,17,1.0,0.8333333333333334,0.7162407040596008,0,0,True,0,0,ok,
-yRb-Jum7EQ$_$1,-yRb-Jum7EQ,1,326,0.0,Neutral,C:\work\数模\中文题目\E题\E题数据\附件1-数据集原始多模态样本\MOSEI数据集部分原始视频-100条\-yRb-Jum7EQ\1.mp4,/data2/hy/cts/e_problem/data/raw_q1/MOSEI数据集部分原始视频-100条/-yRb-Jum7EQ/1.mp4,2f16da1baa8660e5bfc608f5237cdd59725d16e57a19bc02c4556cd2c7129a46,artifacts/q1/final_100/features/-yRb-Jum7EQ__1.npz,artifacts/q1/final_100/metadata/-yRb-Jum7EQ__1.json,49,2909,444,146,146,0.9795918367346939,1.0,0.7749214172363281,1,0,True,0,0,ok,
-yRb-Jum7EQ$_$5,-yRb-Jum7EQ,5,156,-0.6666666865348816,Negative,C:\work\数模\中文题目\E题\E题数据\附件1-数据集原始多模态样本\MOSEI数据集部分原始视频-100条\-yRb-Jum7EQ\5.mp4,/data2/hy/cts/e_problem/data/raw_q1/MOSEI数据集部分原始视频-100条/-yRb-Jum7EQ/5.mp4,6d6145293cf84d1fc8324dfa8d39465e2d7fc07affb67ff68deeabf6e3c410d9,artifacts/q1/final_100/features/-yRb-Jum7EQ__5.npz,artifacts/q1/final_100/metadata/-yRb-Jum7EQ__5.json,25,1302,350,66,66,1.0,1.0,0.7903300523757935,0,0,True,0,0,ok,
-yRb-Jum7EQ$_$6,-yRb-Jum7EQ,6,116,0.0,Neutral,C:\work\数模\中文题目\E题\E题数据\附件1-数据集原始多模态样本\MOSEI数据集部分原始视频-100条\-yRb-Jum7EQ\6.mp4,/data2/hy/cts/e_problem/data/raw_q1/MOSEI数据集部分原始视频-100条/-yRb-Jum7EQ/6.mp4,b51eb9ad06de804934cb6a315de591ba9ff7f8aa71bffff7f8001ab29945d989,artifacts/q1/final_100/features/-yRb-Jum7EQ__6.npz,artifacts/q1/final_100/metadata/-yRb-Jum7EQ__6.json,19,1122,299,56,54,1.0,1.0,0.7708860635757446,0,0,True,0,0,ok,
